ID,Gender,Status,Children,Est Income,Car Owner,Age,LongDistance,International,Local,Dropped,Paymethod,LocalBilltype,LongDistanceBilltype,Usage,RatePlan
1656,F,M,2,62061.8,Y,45.92,29.86,0,52.22,0,Auto,FreeLocal,Standard,82.08,2
1657,F,M,1,20550.9,Y,22.12,27.72,0.86,57.06,0,CC,Budget,Standard,85.64,4
1660,M,M,2,1765.41,N,18.766667,3.04,0,44.95,0,CC,FreeLocal,Standard,47.99,3
1663,F,S,2,19131.1,N,56.186667,22.15,0,34.91,0,Auto,Budget,Standard,57.07,4
1669,M,M,2,42750.3,Y,50.493333,20.59,1.97,112.4,0,Auto,Budget,Intnl_discount,134.97,1
1671,F,S,2,2842.55,N,45.92,0,0,0.79,0,Auto,Budget,Intnl_discount,0.79,3
1672,M,M,2,22358.1,N,52.626667,15.54,1.52,12.19,0,CC,Budget,Standard,29.25,1
1674,M,M,0,47870.8,Y,27.26,7,1.17,12.48,0,CC,FreeLocal,Standard,13.82,2
1675,F,S,2,6440.46,Y,70,22.66,0,27.2,0,CH,Budget,Standard,49.86,4
1676,F,S,0,7325.5,N,36.92,28.52,0,161.54,0,CC,FreeLocal,Intnl_discount,190.06,2
1677,M,M,1,63900.9,N,28.333333,8.36,0,39.04,0,CC,Budget,Standard,47.4,2
1678,M,M,2,28766.9,N,46.84,6.11,0,58.08,0,CC,Budget,Standard,64.2,3
1680,M,M,1,5252.29,N,16.333333,2.65,0,17.08,1,Auto,Budget,Standard,19.73,2
1684,M,M,2,91272.2,Y,25.033333,26.99,0,13.01,0,CC,FreeLocal,Standard,40,2
1690,M,S,0,69000,Y,42,11.63,9.7,115.66,1,CH,FreeLocal,Intnl_discount,137,1
1694,M,M,2,1406.05,Y,19.306667,11.55,0,15.17,0,CC,Budget,Standard,26.72,2
1696,F,S,0,73228.3,N,61,22.47,0,28.11,0,Auto,Budget,Standard,50.58,3
1697,F,S,2,76231.9,N,63.806667,2.01,0,150.75,0,Auto,FreeLocal,Standard,152.76,3
1702,M,M,1,64792.3,N,52.146667,13.05,1.51,36.84,0,CH,FreeLocal,Standard,51.41,3
1705,F,S,0,93322.1,Y,40.313333,29.92,0,8.79,0,CH,Budget,Intnl_discount,38.72,1
1710,M,M,1,63437.3,N,63.653333,0.68,3.35,10.94,0,CC,Budget,Intnl_discount,14.98,4
1714,M,M,2,49910.7,Y,51.52,27.42,0,23.72,0,CC,Budget,Standard,51.14,4
1716,M,M,0,76161.4,Y,44.573333,11.96,0,25.58,0,CC,FreeLocal,Standard,37.55,3
1717,F,M,2,55860,Y,14.573333,16.01,0,10.35,0,CC,FreeLocal,Intnl_discount,26.37,3
1718,F,S,1,12686,N,64.8,23.23,0,80.64,0,Auto,Budget,Standard,103.88,3
1726,M,M,2,57360.8,Y,53.253333,10.36,0,57.25,0,CC,FreeLocal,Standard,67.61,3
1727,M,M,1,92414.7,Y,45.513333,29.43,0,10.62,0,CC,FreeLocal,Standard,40.06,4
1728,M,M,0,60102.7,N,42.14,9.84,0,62.44,1,CH,FreeLocal,Standard,72.29,4
1730,F,M,2,17888.7,N,43,29.41,0,332.46,0,CC,Budget,Standard,361.88,4
1731,F,S,1,12526.3,N,53.553333,11.72,0,28.86,0,CC,FreeLocal,Intnl_discount,40.59,2
1734,F,S,2,14578.8,Y,60.933333,11.91,0,95.1,0,Auto,Budget,Standard,107.02,2
1737,M,M,0,78572.2,Y,42.346667,21.81,0,29.28,1,CC,FreeLocal,Standard,51.09,2
1739,F,M,2,48238.8,N,34.706667,23.28,0,168.03,0,CC,FreeLocal,Standard,191.32,1
1741,F,M,0,28770.9,N,12.34,27.99,5.32,16.27,0,CH,FreeLocal,Standard,49.6,4
1742,F,M,2,87578.2,Y,53.366667,0.29,0,22.15,0,CC,Budget,Standard,22.44,2
1743,F,M,2,86695.4,N,13.906667,25.94,0,32.09,0,CC,FreeLocal,Standard,58.03,3
1745,F,S,2,76791.2,N,55,20.71,0,23,0,CC,Budget,Intnl_discount,43.71,3
1749,F,S,0,30763.8,Y,14.193333,21.32,0,35.85,0,CC,Budget,Standard,57.17,2
1750,F,M,2,3193.6,N,54.046667,4.19,0,114.62,1,CH,Budget,Standard,118.82,2
1751,M,M,1,69680.9,N,15.846667,7.67,0,32.12,0,CC,FreeLocal,Intnl_discount,39.8,2
1754,F,M,0,83287,N,67,29.64,0,90.18,4,Auto,FreeLocal,Intnl_discount,119.82,3
1755,M,S,0,2056.06,Y,18.94,24.07,6.98,27.75,0,Auto,Budget,Standard,58.8,2
1756,F,M,2,7776.6,N,35.706667,25.87,0,68.33,0,CC,FreeLocal,Standard,94.2,4
1757,M,M,1,2067.82,N,47.853333,15.25,0,70.65,0,CC,Budget,Intnl_discount,85.9,3
1758,M,S,0,68000,N,63.353333,4.58,7.66,8.49,0,CC,Budget,Standard,20.74,4
1760,M,M,0,69343.3,N,42.166667,6.36,0,15.54,0,CC,FreeLocal,Standard,21.91,4
1764,F,M,0,14932.5,N,42,4.91,0,6.5,0,CC,Budget,Intnl_discount,11.42,4
1765,F,S,0,27498.1,N,43,2.2,0,9.88,0,CC,Budget,Intnl_discount,12.08,1
1767,M,M,2,21419.9,N,59.833333,26.39,0,103.12,0,CC,FreeLocal,Standard,129.51,1
1768,M,M,2,30665.2,Y,22.88,5.83,8.32,63.28,0,Auto,FreeLocal,Standard,77.44,4
1769,F,M,1,78000,Y,58.56,6.08,0,30.95,0,Auto,FreeLocal,Intnl_discount,37.04,4
1770,F,M,2,50561.3,N,46,16.6,0,113.31,1,CH,Budget,Standard,129.91,4
1772,F,S,2,23464,Y,52,22.43,0,41.71,0,CC,Budget,Intnl_discount,64.14,1
1773,F,M,2,194.57,N,70,28.26,0,38.95,0,CC,FreeLocal,Standard,67.21,2
1774,F,M,1,98680.4,Y,70,17.58,0,8.85,0,CH,FreeLocal,Intnl_discount,26.44,2
1775,M,M,0,65619.7,Y,52,13.56,0,144.66,0,CC,Budget,Standard,158.22,1
1776,F,M,1,95620.3,Y,61,10.91,0,93.61,0,CC,Budget,Standard,104.53,1
1777,F,S,0,85275,N,42,22.48,0,151.61,0,Auto,FreeLocal,Intnl_discount,174.09,4
1778,F,M,1,66921.4,Y,52.646667,15.7,0,8.97,0,CC,FreeLocal,Intnl_discount,24.67,4
1779,F,M,1,98453.6,Y,62,13.72,0,11.65,0,Auto,FreeLocal,Standard,25.38,1
1780,F,M,2,94026.8,Y,27.746667,25,0,10.62,0,CC,FreeLocal,Intnl_discount,35.63,4
1782,F,S,2,57420,Y,43,25.18,0,252.53,1,Auto,Budget,Standard,277.72,4
1783,M,M,0,68000,N,49,3.93,3.73,26.69,1,CC,FreeLocal,Standard,34.35,4
1785,M,M,2,47639.1,N,43,17.48,0,39.62,0,CC,Budget,Intnl_discount,57.11,1
1786,F,M,2,63234.5,Y,52.36,0,0,1.16,0,CH,FreeLocal,Intnl_discount,1.16,1
1788,M,M,0,3911.9,N,38.413333,5.72,8.48,25.14,0,CC,Budget,Intnl_discount,39.36,2
1790,F,M,2,18296.4,Y,42.626667,0.08,0,10.39,0,CC,FreeLocal,Standard,10.47,3
1791,F,S,0,39461,N,22.226667,22.87,0.28,103.52,1,CC,FreeLocal,Standard,126.68,1
1796,F,M,2,52957,Y,39.746667,25.79,0,125.52,2,CH,FreeLocal,Standard,151.32,4
1797,F,S,2,86747.1,N,64.853333,20.15,0,37.24,0,Auto,Budget,Standard,57.4,1
1799,F,M,1,87404.6,N,63.186667,21.63,0,139.2,0,Auto,Budget,Standard,160.84,4
1801,F,M,2,85394,Y,20.16,19.28,2.02,14.38,1,Auto,Budget,Intnl_discount,35.69,1
1802,F,S,0,2121.36,N,39.786667,2.02,0,36.78,1,CC,FreeLocal,Standard,38.8,4
1803,F,M,2,63566.1,Y,56.3,7.94,0,65.09,0,CH,Budget,Intnl_discount,73.03,3
1806,F,S,0,89813.6,N,12.846667,14.94,1.96,149.26,0,CC,FreeLocal,Intnl_discount,166.18,4
1808,F,M,2,82644.2,Y,33.493333,21.97,0,19.88,0,CC,FreeLocal,Intnl_discount,41.85,4
1809,F,S,1,27783.6,N,14.04,4.97,6.53,18.07,0,CC,FreeLocal,Standard,29.58,2
1812,F,M,2,60485.5,N,41.666667,11.7,0,28.7,0,Auto,Budget,Intnl_discount,40.41,1
1815,F,M,2,809.43,Y,31.913333,0,0,2.89,0,CH,FreeLocal,Intnl_discount,2.89,3
1816,M,S,1,76529.8,N,58.28,18.46,5.36,20.05,0,CC,Budget,Standard,43.89,1
1817,F,M,2,34577.7,N,63.253333,29.18,0,116.57,3,CH,Budget,Standard,145.75,3
1820,F,S,2,19008.4,Y,52.166667,10.54,0,137.19,0,CC,FreeLocal,Standard,147.74,2
1821,F,M,0,98056.3,N,55.966667,23.7,0,126.96,0,Auto,FreeLocal,Standard,150.67,4
1822,M,M,0,80000,Y,45,0,0,2.21,0,CH,Budget,Standard,2.21,1
1824,M,M,0,78894.2,N,34,2,1.41,43.23,0,CH,Budget,Intnl_discount,46.65,2
1825,M,S,1,16432.1,Y,20.92,20.41,8.89,80.47,0,CH,Budget,Intnl_discount,109.78,1
1826,M,M,1,62797.9,N,54.446667,8.32,4.28,55.48,0,CH,Budget,Intnl_discount,68.09,1
1827,M,S,1,71329.9,Y,42.233333,14.27,3.55,45.92,0,CC,Budget,Standard,63.75,4
1831,F,S,0,20913.6,N,53.013333,22.99,7.16,65.77,0,CC,FreeLocal,Standard,95.93,3
1834,F,S,1,540.4,Y,39.213333,12.34,0,7.75,0,Auto,Budget,Intnl_discount,20.1,2
1838,M,M,2,67339.8,N,17.006667,27.83,5.19,48.69,0,CC,FreeLocal,Intnl_discount,81.72,2
1840,M,M,1,75799.9,N,46.38,22.24,7.02,64.8,0,CC,FreeLocal,Intnl_discount,94.06,2
1841,F,S,2,15688.5,N,53.06,14.39,0,8.03,0,CC,Budget,Standard,22.42,3
1842,F,S,0,43382.3,N,16.073333,29.67,8.76,99.94,0,CH,FreeLocal,Standard,138.37,2
1844,F,S,0,5185.31,N,62.053333,16.39,5.99,30.51,0,CC,FreeLocal,Intnl_discount,52.9,1
1845,F,S,1,35089,N,16.06,26.01,0,108.44,0,CC,Budget,Standard,134.45,2
1846,F,S,0,37000,N,22.433333,22.96,8.28,75.27,0,CH,Budget,Intnl_discount,106.53,4
1848,F,M,2,80087.7,N,41.92,8.74,0,22.82,0,CC,FreeLocal,Standard,31.56,4
1849,F,M,2,59691.3,N,38.04,21.94,0,256.7,0,CC,Budget,Standard,278.65,3
1851,F,S,2,11251.1,Y,47,28.42,0,113.48,0,CC,FreeLocal,Standard,141.91,4
1853,M,M,1,70908.7,N,49.62,7.7,4.55,43.2,0,CC,FreeLocal,Standard,55.47,1
1854,M,S,0,94928.3,N,40.18,14.42,5.61,73.74,0,CH,FreeLocal,Standard,93.78,1
1856,F,M,2,50622.3,N,40.46,20.45,2.07,90.19,0,Auto,FreeLocal,Standard,112.72,1
1858,M,M,0,100020,Y,45.653333,16.2,4.27,18.84,0,CC,FreeLocal,Intnl_discount,39.32,1
1862,M,M,0,69000,Y,52.266667,29.55,0,62.81,0,CH,Budget,Standard,92.37,3
1863,M,S,1,37626,N,33.866667,7.5,8.06,71.55,0,CH,Budget,Intnl_discount,87.12,2
1865,F,M,1,56722.8,N,60.593333,17.37,6.21,51.17,0,CC,FreeLocal,Standard,74.77,4
1867,M,M,1,120000,N,64.226667,0,0,3.22,0,CC,Budget,Intnl_discount,3.22,3
1868,F,S,2,3416.62,Y,22.76,18.97,0,104.73,0,CC,Budget,Standard,123.7,2
1869,F,M,0,73069.1,Y,55.633333,0.17,0,10.22,0,Auto,Budget,Standard,10.39,3
1870,M,M,1,80000,Y,53.213333,15.27,0,25.62,0,CC,FreeLocal,Standard,40.9,3
1871,F,M,2,8032.16,N,45.666667,29.68,0,59.08,0,CC,FreeLocal,Standard,88.77,1
1872,F,D,1,93454.3,Y,48.533333,18.94,0,25.18,0,Auto,FreeLocal,Standard,44.13,4
1873,M,M,0,5745,Y,15.38,26.4,0,17.71,0,CC,FreeLocal,Standard,44.11,2
1875,F,S,0,92564.1,Y,49.133333,23.17,0,51.68,0,Auto,FreeLocal,Standard,74.86,3
1879,F,M,2,48322.5,Y,49.333333,6.69,0,43.6,0,CC,FreeLocal,Standard,50.29,1
1882,F,M,2,81913.8,Y,49.66,6.7,0,46.33,0,CC,FreeLocal,Standard,53.03,3
1885,F,S,0,919.93,N,38.26,27.28,0,93.42,0,CH,Budget,Standard,120.71,2
1886,F,M,2,69486.8,N,30.946667,7.72,0,9.39,1,CC,Budget,Standard,17.11,2
1887,F,M,2,24482.8,N,33.533333,0,0,2,0,CH,Budget,Intnl_discount,2,3
1890,F,M,2,92103.8,N,52.153333,7.42,0,7.43,0,CC,Budget,Standard,14.86,1
1891,F,S,2,8392.14,Y,36.68,25.03,7.33,54.8,0,CH,Budget,Intnl_discount,87.16,1
1892,F,S,0,17138.2,N,63.786667,20.01,0,84.67,0,CC,FreeLocal,Intnl_discount,104.69,3
1894,F,M,2,47010.1,N,57.406667,2.54,0,164.76,0,CC,Budget,Intnl_discount,167.31,1
1896,F,S,0,67239.4,N,44.433333,12.89,0,53.81,0,Auto,FreeLocal,Intnl_discount,66.7,1
1897,M,M,1,69406.7,Y,46.826667,6.9,7.21,128.1,1,CC,FreeLocal,Standard,142.23,4
1899,F,M,2,83259.3,N,50.88,0,0,4.46,0,CC,Budget,Standard,4.46,2
1902,M,M,1,20818.5,N,12.68,9.13,6.29,47.85,0,Auto,FreeLocal,Standard,63.28,2
1906,F,M,2,2185.6,N,52.513333,7.12,0,20.95,1,CH,Budget,Standard,28.07,4
1908,M,M,1,76511.3,N,62.08,21.68,3.46,17.37,0,CC,FreeLocal,Standard,42.52,2
1910,F,M,1,6946.07,N,20,43,0,8.84,0,CH,FreeLocal,Standard,34.61,1
1911,F,M,2,11234.7,Y,49.046667,0.69,0,112.72,0,CC,Budget,Standard,113.42,4
1913,F,M,2,36660.9,Y,39.96,0,0,3.36,1,CH,Budget,Intnl_discount,3.36,2
1915,F,M,2,68462.8,N,34.4,24.39,5.93,60.51,0,CC,FreeLocal,Standard,90.84,1
1918,F,M,2,72841.3,N,47.02,10.36,0,72.16,0,CC,Budget,Standard,82.53,1
1919,M,M,1,63670.8,Y,46.146667,27.39,0,51.47,0,Auto,FreeLocal,Standard,78.87,1
1922,M,M,0,12387.6,N,56.173333,3,0,65.93,0,Auto,FreeLocal,Standard,93.85,2
1924,F,M,1,82931.3,N,64.64,19.24,0,118,0,Auto,FreeLocal,Standard,137.25,3
1925,F,M,2,57483.9,N,44.026667,17.01,0,27.29,0,CH,Budget,Standard,44.3,2
1927,F,S,2,21274,N,45.526667,10.87,0,32.43,0,Auto,FreeLocal,Standard,43.31,2
1928,F,M,2,28267,N,30.093333,21.87,0,192.53,0,CC,FreeLocal,Standard,214.41,4
1930,F,M,2,36725.1,N,55.793333,8.65,9.22,77,0,CH,Budget,Standard,94.88,4
1934,M,S,1,94188.3,N,57.546667,20.86,0.86,19.78,0,CC,Budget,Standard,41.51,3
1937,F,M,2,91861,Y,41.98,15.32,0,6.74,0,CC,Budget,Standard,22.06,1
1940,F,S,1,12374.9,Y,33.493333,17.49,0,106.1,0,Auto,FreeLocal,Standard,123.59,4
1941,F,M,2,69133.9,Y,26.833333,8.58,0,37.73,0,CH,FreeLocal,Standard,46.32,1
1943,F,M,2,84948,Y,29.446667,11.14,0,12.58,0,CH,FreeLocal,Intnl_discount,23.73,1
1944,F,M,2,30998.8,N,40.96,2.4,0,50.5,0,Auto,Budget,Standard,52.91,3
1950,M,M,2,21416.5,N,35.653333,9.9,9.17,8.53,0,CC,FreeLocal,Intnl_discount,27.61,1
1954,M,S,0,78554.2,N,16.7,5.59,7.26,23.03,0,Auto,Budget,Standard,35.88,2
1955,M,S,1,3960.5,N,14.693333,29.78,0,66.35,0,Auto,FreeLocal,Standard,96.13,2
1957,M,M,0,60101.1,Y,63.766667,27.7,6.11,124.14,2,CH,FreeLocal,Standard,157.96,4
1958,F,M,2,38215.9,N,30.886667,0,0,0.97,0,Auto,Budget,Standard,0.97,4
1959,F,M,1,13829.4,N,19,42,0,160.42,0,CC,FreeLocal,Standard,176.61,2
1960,F,M,2,49745.3,N,47.966667,2.84,0,24.44,0,CH,Budget,Intnl_discount,27.28,2
1962,F,M,2,88427,N,13.86,22.46,4.16,43.34,0,CC,Budget,Standard,69.97,3
1963,F,M,2,98003.7,Y,26.273333,1.03,0,83.39,0,CC,FreeLocal,Intnl_discount,84.42,4
1964,M,S,0,89142.7,N,53.693333,3.76,8.13,5.01,0,CC,Budget,Intnl_discount,16.91,1
1965,F,S,0,74530.8,N,63.086667,20.89,0.49,106.5,0,Auto,FreeLocal,Intnl_discount,127.89,3
1967,F,S,0,30000,N,23,45,0,262.91,0,CC,Budget,Standard,265.78,1
1972,F,M,2,76289.2,N,48.206667,22.2,0,82.43,0,CC,Budget,Intnl_discount,104.63,3
1974,M,M,1,66931.9,N,63.933333,11.72,0.39,5.35,0,CC,Budget,Standard,17.46,4
1975,M,M,2,9309.57,Y,25.44,8.56,0,99.73,0,CC,FreeLocal,Standard,108.3,3
1976,F,M,1,14085.5,N,24,29,0,26.78,0,Auto,FreeLocal,Intnl_discount,48.08,2
1977,F,S,0,32962.6,N,24,45,0,154.77,0,CC,Budget,Intnl_discount,168.28,3
1978,F,S,0,35000,N,23,33,0,61.44,0,CC,Budget,Standard,65.79,1
1979,F,S,2,39000,N,22,28,0,35.73,0,Auto,Budget,Standard,41.78,1
1980,F,S,0,77726.4,N,56.72,14,0,9.51,0,Auto,Budget,Intnl_discount,23.52,1
1981,F,S,2,42000,N,19,25.77,2.22,38.18,0,CC,FreeLocal,Standard,62.95,3
1982,F,S,1,2800.68,N,45.673333,28.45,0,106.3,0,CC,Budget,Standard,134.75,2
1986,F,M,2,90271.6,N,44.926667,13.96,0,96.43,0,CC,FreeLocal,Standard,110.4,2
1991,F,M,2,64816.6,Y,31.126667,21,0,6.87,0,CC,Budget,Standard,27.87,1
1992,F,M,2,98217.1,N,44.98,29.49,0,13.24,0,CC,FreeLocal,Standard,42.74,4
1994,F,S,1,2929.13,N,53.506667,14,0,88.23,0,CH,Budget,Intnl_discount,102.23,4
1996,F,M,2,41876.6,Y,44.093333,6.78,0,132.65,0,CC,FreeLocal,Standard,139.44,3
1997,M,M,0,96223.4,Y,64.76,11.81,0.63,5.73,0,CC,FreeLocal,Standard,18.18,1
1998,F,S,0,15989.3,N,61.693333,3.67,0,25.49,1,CC,Budget,Intnl_discount,29.17,1
1999,M,M,0,69168.4,Y,62.426667,14.16,6.01,214.73,0,CC,Budget,Standard,234.91,3
2000,M,M,1,92148.5,Y,30,7,0,100.9,0,CC,Budget,Intnl_discount,113.68,2
2001,M,M,0,96681,Y,19.76,8,7.66,40.92,0,CC,Budget,Standard,73.76,2
2002,M,S,0,62705.9,Y,38,9,0,6.81,0,CC,FreeLocal,Intnl_discount,33.44,2
2003,M,S,0,80221.2,N,29.026667,7,0,49.56,0,Auto,FreeLocal,Standard,50.48,2
2004,M,S,0,84479.2,N,39,2,0,43.01,0,CC,FreeLocal,Standard,56.23,2
2005,F,M,2,64977.4,N,38.193333,28.11,0,17.66,0,CC,FreeLocal,Standard,45.77,3
2006,F,M,0,77994,N,50.553333,12.4,0,89.62,0,CH,FreeLocal,Standard,102.02,1
2007,M,M,2,90103.7,N,34.946667,12.23,8.87,45.34,0,CC,Budget,Intnl_discount,66.45,2
2008,F,M,0,59008.4,Y,30.18,12.86,0,18.73,0,CC,Budget,Standard,31.59,1
2009,M,S,1,5265.35,N,52.873333,2.33,5.3,23.46,0,Auto,Budget,Intnl_discount,31.1,2
2010,M,S,1,84978.1,N,21.64,5.03,7.68,76.07,0,CH,FreeLocal,Intnl_discount,88.79,1
2011,F,M,2,36647.9,N,49.986667,21.41,0,85.96,0,CC,Budget,Intnl_discount,107.38,4
2012,F,S,0,64319.2,N,41.226667,3.01,0,37.15,0,CH,Budget,Intnl_discount,40.16,1
2013,F,S,1,73338,N,48.246667,20.92,0,9.01,0,Auto,Budget,Intnl_discount,29.93,2
2014,F,S,0,433.74,N,60.746667,3.3,0,40.91,0,CC,FreeLocal,Standard,44.22,4
2015,F,M,2,16962.2,N,45.36,18.6,0,8.96,0,CC,Budget,Standard,27.57,2
2017,M,M,2,10708.3,N,26.026667,20.83,4.85,117.26,0,CH,Budget,Intnl_discount,142.95,4
2020,F,M,0,2031.61,N,20.3,21.64,0,87.4,0,CC,Budget,Standard,109.04,4
2024,F,S,2,16938.5,N,46,13.35,0,8.76,0,CH,FreeLocal,Standard,22.11,4
2027,F,M,0,55221,N,61,0.49,0,15.2,0,CC,FreeLocal,Standard,15.69,1
2028,F,M,1,8073.11,N,55,28.7,0,60.35,0,Auto,FreeLocal,Standard,89.05,4
2029,M,M,0,95448.6,Y,53.68,24.24,0,5.21,0,CH,Budget,Standard,29.46,4
2030,M,S,1,24141.5,Y,17.006667,28.82,0,97.05,0,CC,FreeLocal,Standard,125.87,2
2031,M,S,2,63152.6,Y,63.173333,29.93,0,40.07,0,CC,Budget,Intnl_discount,70.01,2
2032,M,S,1,31952,N,34.266667,0,0,4.87,2,CC,Budget,Standard,4.87,2
2033,M,S,2,72084.7,N,55.64,29.11,0,9.02,0,CC,Budget,Intnl_discount,38.13,2
2034,F,S,0,42760.5,N,52,13.47,0,40.23,0,CC,Budget,Standard,53.7,1
2035,F,S,1,49072,N,42,23.5,0,10.74,0,Auto,Budget,Intnl_discount,34.25,2
2036,F,M,0,27371.8,Y,43,16.14,0,126.55,0,CC,FreeLocal,Standard,142.7,2
2040,M,M,1,71472.9,N,41.913333,16.02,0,114.2,0,CH,Budget,Standard,130.22,2
2041,F,M,0,95405.7,N,55,7.74,0,6.21,0,CC,Budget,Standard,13.96,1
2042,F,S,0,95786.8,Y,52,21.33,0,87.46,0,CC,Budget,Standard,108.79,4
2044,M,S,0,90321.6,N,55.113333,0.87,0,11.52,0,CH,FreeLocal,Intnl_discount,12.39,1
2045,M,D,1,90478.6,N,54.553333,18.02,0,136.47,0,CC,FreeLocal,Standard,154.49,1
2046,F,M,2,56187,N,46,8.09,0,13.74,0,CH,Budget,Standard,21.83,2
2050,F,S,1,35089,N,24.393333,23.56,0,206.08,0,CC,Budget,Intnl_discount,229.64,4
2052,M,M,0,9780.66,N,24.546667,2.8,7.27,11.32,1,CC,FreeLocal,Standard,21.39,2
2056,M,M,2,53010.8,N,18.84,12.45,0,46.42,4,CC,FreeLocal,Standard,58.87,2
2057,M,M,1,75004.5,N,64.8,26.52,0,32.19,0,CC,Budget,Intnl_discount,58.72,2
2060,M,M,0,19749.3,N,60.366667,20.22,0,13.94,0,CC,Budget,Standard,34.17,1
2061,M,S,1,57626.9,Y,43.906667,9.38,0,38.96,0,CC,Budget,Standard,48.35,3
2062,M,M,2,20078,N,32.846667,9.65,0,6.33,0,CC,Budget,Intnl_discount,15.98,4
2063,F,M,2,47902,N,26.033333,17.44,4.94,49.92,1,Auto,FreeLocal,Standard,72.31,3
2064,M,M,1,7545.96,Y,16.753333,22.39,0,178.36,0,CC,Budget,Standard,200.75,4
2068,M,S,2,89459.9,N,53.28,11.54,1.61,22.9,0,CC,FreeLocal,Standard,36.05,2
2071,F,S,1,13576.5,N,39.426667,14.83,0,25.66,0,CC,Budget,Standard,40.49,3
2073,F,M,2,42031.8,N,50.753333,20.45,0,39.33,0,CH,Budget,Intnl_discount,59.78,2
2078,M,S,2,43634.5,N,21.78,29.44,9.42,104.64,0,CC,Budget,Standard,143.5,4
2082,F,S,1,13109.1,N,62.606667,22.38,0,40.48,0,Auto,Budget,Standard,62.87,3
2083,M,S,1,92647.5,N,56.046667,16.04,5.74,10.34,0,CC,Budget,Standard,32.13,1
2084,M,S,2,21021.6,Y,62.753333,3,0,11.19,0,CC,Budget,Standard,14.95,2
2085,M,S,0,74460.7,Y,55.34,25.53,0.99,179.93,0,CC,FreeLocal,Standard,206.46,3
2087,F,S,2,28787.4,N,41.666667,27.97,0,58.09,0,Auto,Budget,Standard,86.06,3
2090,M,M,1,13091.6,N,59.126667,22.79,0,20.26,0,CC,Budget,Intnl_discount,43.06,1
2093,F,M,2,62061.8,Y,45.92,29.86,0,52.22,0,Auto,FreeLocal,Standard,82.08,1
2094,F,M,1,20550.9,Y,22.12,27.72,0.86,57.06,0,CC,Budget,Standard,85.64,3
2097,M,M,2,1765.41,N,18.766667,3.04,0,44.95,0,CC,FreeLocal,Standard,47.99,1
2098,F,S,2,19131.1,N,56.186667,22.15,0,34.91,0,Auto,Budget,Standard,57.07,4
2101,M,M,0,47870.8,Y,27.26,0,1.17,12.48,0,CC,FreeLocal,Standard,13.82,2
2102,F,S,2,6440.46,Y,48,22.66,0,27.2,0,CH,Budget,Standard,49.86,2
2104,M,M,2,28766.9,N,46.84,6.11,0,58.08,0,CC,Budget,Standard,64.2,3
2106,M,M,1,5252.29,N,16.333333,2.65,0,17.08,1,Auto,Budget,Standard,19.73,2
2109,M,M,2,91272.2,Y,25.033333,26.99,0,13.01,0,CC,FreeLocal,Standard,40,3
2114,F,S,0,73228.3,N,52.646667,22.47,0,28.11,0,Auto,Budget,Standard,50.58,2
2117,M,M,1,64792.3,N,52.146667,13.05,1.51,36.84,0,CH,FreeLocal,Standard,51.41,2
2119,F,S,0,93322.1,Y,40.313333,29.92,0,8.79,0,CH,Budget,Intnl_discount,38.72,1
2122,M,M,2,49910.7,Y,51.52,27.42,0,23.72,0,CC,Budget,Standard,51.14,1
2123,M,M,1,76161.4,Y,44.573333,11.96,0,25.58,0,CC,FreeLocal,Standard,37.55,3
2124,F,M,2,55860,Y,14.573333,16.01,0,10.35,0,CC,FreeLocal,Intnl_discount,26.37,4
2131,M,M,2,57360.8,Y,53.253333,10.36,0,57.25,0,CC,FreeLocal,Standard,67.61,4
2132,M,M,0,92414.7,Y,45.513333,29.43,0,10.62,0,CC,FreeLocal,Standard,40.06,3
2134,F,S,2,14578.8,Y,60.933333,11.91,0,95.1,0,Auto,Budget,Standard,107.02,1
2135,F,M,2,87578.2,Y,53.366667,0.29,0,22.15,0,CC,Budget,Standard,22.44,2
2136,F,M,2,86695.4,N,13.906667,25.94,0,32.09,0,CC,FreeLocal,Standard,58.03,1
2140,F,M,0,83287,N,41,29.64,0,90.18,4,Auto,FreeLocal,Intnl_discount,119.82,1
2141,M,M,1,2067.82,N,47.853333,15.25,0,70.65,0,CC,Budget,Intnl_discount,85.9,1
2144,M,M,2,30665.2,Y,22.88,5.83,8.32,63.28,0,Auto,FreeLocal,Standard,77.44,1
2145,F,M,1,83287,Y,47,6.08,0,30.95,0,Auto,FreeLocal,Intnl_discount,37.04,1
2146,F,M,1,98680.4,Y,42,17.58,0,8.85,0,CH,FreeLocal,Intnl_discount,26.44,4
2147,M,M,0,65619.7,Y,46,13.56,0,144.66,0,CC,Budget,Standard,158.22,2
2148,F,M,1,95620.3,Y,43,10.91,0,93.61,0,CC,Budget,Standard,104.53,1
2149,F,S,0,85275,N,47,22.48,0,151.61,0,Auto,FreeLocal,Intnl_discount,174.09,1
2150,F,M,1,66921.4,Y,62,15.7,0,8.97,0,CC,FreeLocal,Intnl_discount,24.67,1
2151,F,M,1,98453.6,Y,41,13.72,0,11.65,0,Auto,FreeLocal,Standard,25.38,3
2153,F,S,2,57420,Y,46,25.18,0,252.53,1,Auto,Budget,Standard,277.72,1
2154,M,M,0,66000,N,46,3.93,3.73,26.69,1,CH,FreeLocal,Standard,34.35,4
2155,M,M,2,47639.1,N,48,17.48,0,39.62,0,CC,Budget,Intnl_discount,57.11,1
2158,F,S,0,39461,N,22.226667,22.87,0.28,103.52,1,CC,FreeLocal,Standard,126.68,4
2159,M,M,1,47371,Y,54.96,4.98,7.69,258.29,0,CC,Budget,Intnl_discount,270.97,4
2162,M,S,1,16432.1,Y,20.92,20.41,8.89,80.47,0,CH,Budget,Intnl_discount,109.78,2
2165,F,S,1,540.4,Y,39.213333,12.34,0,7.75,0,Auto,Budget,Intnl_discount,20.1,2
2167,F,M,2,80087.7,N,41.92,8.74,0,22.82,0,CC,FreeLocal,Standard,31.56,2
2168,F,M,2,59691.3,N,38.04,21.94,0,256.7,0,CC,Budget,Standard,278.65,2
2169,F,S,2,11251.1,Y,52.646667,28.42,0,113.48,0,CC,FreeLocal,Standard,141.91,4
2173,F,S,2,93559.1,N,57.62,1.52,0,29.9,0,CC,Budget,Standard,31.42,4
2174,F,S,2,3416.62,Y,22.76,18.97,0,104.73,0,CC,Budget,Standard,123.7,2
2175,F,S,0,93454.3,Y,48.533333,18.94,0,25.18,0,Auto,FreeLocal,Standard,44.13,1
2176,M,M,0,5745,Y,15.38,26.4,0,17.71,0,CC,FreeLocal,Standard,44.11,2
2181,M,S,2,60095.2,Y,23.313333,1.71,0,116.14,0,Auto,Budget,Standard,117.85,2
2182,F,M,1,6946.07,N,20,33,0,8.84,0,CH,FreeLocal,Standard,34.61,3
2183,F,M,2,11234.7,Y,49.046667,0.69,0,112.72,0,CC,Budget,Standard,113.42,1
2184,M,M,0,12387.6,N,56.173333,0,0,65.93,0,Auto,FreeLocal,Standard,93.85,2
2185,F,M,1,82931.3,N,64.64,19.24,0,118,0,Auto,FreeLocal,Standard,137.25,4
2186,F,M,2,57483.9,N,44.026667,17.01,0,27.29,0,CH,Budget,Standard,44.3,3
2188,F,S,2,21274,N,45.526667,10.87,0,32.43,0,Auto,FreeLocal,Standard,43.31,1
2189,F,M,2,28267,N,30.093333,21.87,0,192.53,0,CC,FreeLocal,Standard,214.41,4
2191,F,M,2,36725.1,N,55.793333,8.65,9.22,77,0,CH,Budget,Standard,94.88,4
2195,M,S,1,94188.3,N,57.546667,20.86,0.86,19.78,0,CC,Budget,Standard,41.51,4
2198,F,M,2,91861,Y,41.98,15.32,0,6.74,0,CC,Budget,Standard,22.06,4
2201,F,S,1,12374.9,Y,33.493333,17.49,0,106.1,0,Auto,FreeLocal,Standard,123.59,3
2202,F,M,2,69133.9,Y,26.833333,8.58,0,37.73,0,CH,FreeLocal,Standard,46.32,1
2204,F,M,2,84948,Y,29.446667,11.14,0,12.58,0,CH,FreeLocal,Intnl_discount,23.73,1
2205,F,M,2,30998.8,N,40.96,2.4,0,50.5,0,Auto,Budget,Standard,52.91,1
2207,M,S,0,15924.2,N,14.46,0,0,1.46,0,CH,FreeLocal,Standard,1.46,2
2211,M,M,2,21416.5,N,35.653333,9.9,9.17,8.53,0,CC,FreeLocal,Intnl_discount,27.61,4
2215,M,M,2,78554.2,N,16.7,5.59,7.26,23.03,0,Auto,Budget,Standard,35.88,3
2216,F,M,2,38215.9,N,30.886667,0,0,0.97,0,Auto,Budget,Standard,0.97,4
2217,F,M,1,13829.4,N,21,35,0,160.42,0,CC,FreeLocal,Standard,176.61,1
2218,F,M,2,49745.3,N,47.966667,2.84,0,24.44,0,CH,Budget,Intnl_discount,27.28,4
2220,F,M,2,88427,N,13.86,22.46,4.16,43.34,0,CC,Budget,Standard,69.97,3
2221,F,M,2,98003.7,Y,26.273333,1.03,0,83.39,0,CC,FreeLocal,Intnl_discount,84.42,4
2222,M,S,0,89142.7,N,53.693333,3.76,8.13,5.01,0,CC,Budget,Intnl_discount,16.91,3
2223,F,S,0,74530.8,N,63.086667,20.89,0.49,106.5,0,Auto,FreeLocal,Intnl_discount,127.89,4
2225,F,S,0,38000,N,24,39,0,262.91,0,CC,Budget,Standard,265.78,3
2230,F,M,2,76289.2,N,48.206667,22.2,0,82.43,0,CC,Budget,Intnl_discount,104.63,4
2232,M,M,1,66931.9,N,63.933333,11.72,0.39,5.35,0,CC,Budget,Standard,17.46,1
2233,M,M,2,9309.57,Y,25.44,8.56,0,99.73,0,CC,FreeLocal,Standard,108.3,1
2234,F,M,1,32962.6,N,23,59,0,26.78,0,Auto,FreeLocal,Intnl_discount,48.08,1
2235,F,S,0,42000,N,24,43,0,154.77,0,CC,Budget,Intnl_discount,168.28,4
2236,F,S,0,43000,N,21,42,0,61.44,0,CC,Budget,Standard,65.79,3
2237,F,S,2,42000,N,22,45,0,35.73,0,Auto,Budget,Standard,41.78,3
2238,F,S,0,77726.4,N,56.72,14,0,9.51,0,Auto,Budget,Intnl_discount,23.52,2
2239,F,S,2,37000,N,23,29,2.22,38.18,0,CC,FreeLocal,Standard,62.95,3
2240,F,S,1,2800.68,N,45.673333,28.45,0,106.3,0,CC,Budget,Standard,134.75,4
2243,F,M,2,90271.6,N,44.926667,13.96,0,96.43,0,CC,FreeLocal,Standard,110.4,3
2247,F,M,2,64816.6,Y,31.126667,21,0,6.87,0,CC,Budget,Standard,27.87,4
2248,F,M,2,98217.1,N,44.98,29.49,0,13.24,0,CC,FreeLocal,Standard,42.74,3
2251,F,S,0,15989.3,N,61.693333,3.67,0,25.49,1,CC,Budget,Intnl_discount,29.17,2
2252,M,M,1,92148.5,Y,28,4,0,100.9,0,CC,Budget,Intnl_discount,113.68,2
2253,M,M,0,96681,Y,19.76,5,7.66,40.92,0,CC,Budget,Standard,73.76,2
2254,M,S,0,62705.9,Y,33,7,0,6.81,0,CC,FreeLocal,Intnl_discount,33.44,2
2255,M,S,0,80221.2,N,29.026667,0.91,0,49.56,0,Auto,FreeLocal,Standard,50.48,2
2256,M,S,0,84479.2,N,33,9,0,43.01,0,CC,FreeLocal,Standard,56.23,2
2257,M,S,1,84978.1,N,21.64,5.03,7.68,76.07,0,CH,FreeLocal,Intnl_discount,88.79,1
2258,F,M,2,36647.9,N,49.986667,21.41,0,85.96,0,CC,Budget,Intnl_discount,107.38,1
2259,F,S,0,64319.2,N,41.226667,3.01,0,37.15,0,CH,Budget,Intnl_discount,40.16,1
2260,F,S,1,73338,N,48.246667,20.92,0,9.01,0,Auto,Budget,Intnl_discount,29.93,4
2261,F,S,0,433.74,N,60.746667,3.3,0,40.91,0,CC,FreeLocal,Standard,44.22,2
2262,F,M,2,16962.2,N,45.36,18.6,0,8.96,0,CC,Budget,Standard,27.57,1
2264,M,M,2,10708.3,N,26.026667,20.83,4.85,117.26,0,CH,Budget,Intnl_discount,142.95,4
2267,F,M,0,2031.61,N,20.3,21.64,0,87.4,0,CC,Budget,Standard,109.04,2
2270,F,S,2,16938.5,N,70,13.35,0,8.76,0,CH,FreeLocal,Standard,22.11,1
2273,F,M,0,55221,N,55,0.49,0,15.2,0,CC,FreeLocal,Standard,15.69,1
2274,F,M,1,8073.11,N,52,28.7,0,60.35,0,Auto,FreeLocal,Standard,89.05,2
2275,M,M,1,95448.6,Y,53.68,24.24,0,5.21,0,CH,Budget,Standard,29.46,4
2276,M,S,1,24141.5,Y,17.006667,28.82,0,97.05,0,CC,FreeLocal,Standard,125.87,1
2277,M,S,2,63152.6,Y,63.173333,29.93,0,40.07,0,CC,Budget,Intnl_discount,70.01,3
2279,M,S,2,72084.7,N,55.64,29.11,0,9.02,0,CC,Budget,Intnl_discount,38.13,3
2280,F,S,0,42760.5,N,42,13.47,0,40.23,0,CC,Budget,Standard,53.7,2
2281,F,S,1,49072,N,43,23.5,0,10.74,0,Auto,Budget,Intnl_discount,34.25,3
2282,F,M,0,27371.8,Y,46,16.14,0,126.55,0,CC,FreeLocal,Standard,142.7,4
2285,M,M,0,71472.9,N,41.913333,16.02,0,114.2,0,CH,Budget,Standard,130.22,3
2286,F,M,0,95405.7,N,46,7.74,0,6.21,0,CC,Budget,Standard,13.96,2
2287,F,S,0,95786.8,Y,47,21.33,0,87.46,0,CC,Budget,Standard,108.79,3
2289,M,S,0,90321.6,N,55.113333,0.87,0,11.52,0,CH,FreeLocal,Intnl_discount,12.39,4
2290,M,S,0,90478.6,N,54.553333,18.02,0,136.47,0,CC,FreeLocal,Standard,154.49,3
2291,F,M,2,56187,N,48,8.09,0,13.74,0,CH,Budget,Standard,21.83,2
2294,F,S,1,32098,N,24.393333,23.56,0,206.08,0,CC,Budget,Intnl_discount,229.64,1
2300,M,M,2,53010.8,N,18.84,12.45,0,46.42,4,CC,FreeLocal,Standard,58.87,1
2301,M,M,1,75004.5,N,64.8,26.52,0,32.19,0,CC,Budget,Intnl_discount,58.72,4
2304,M,M,0,19749.3,N,60.366667,20.22,0,13.94,0,CC,Budget,Standard,34.17,4
2305,M,S,1,57626.9,Y,43.906667,9.38,0,38.96,0,CC,Budget,Standard,48.35,3
2306,M,M,2,20078,N,32.846667,9.65,0,6.33,0,CC,Budget,Intnl_discount,15.98,1
2307,F,M,2,47902,N,26.033333,17.44,4.94,49.92,1,Auto,FreeLocal,Standard,72.31,3
2308,M,M,1,7545.96,Y,16.753333,22.39,0,178.36,0,CC,Budget,Standard,200.75,1
2312,M,S,2,89459.9,N,53.28,11.54,1.61,22.9,0,CC,FreeLocal,Standard,36.05,4
2315,F,S,1,13576.5,N,39.426667,14.83,0,25.66,0,CC,Budget,Standard,40.49,1
2317,F,M,2,42031.8,N,50.753333,20.45,0,39.33,0,CH,Budget,Intnl_discount,59.78,2
2322,M,S,2,43634.5,N,21.78,29.44,9.42,104.64,0,CC,Budget,Standard,143.5,3
2326,F,S,1,13109.1,N,62.606667,22.38,0,40.48,0,Auto,Budget,Standard,62.87,2
2327,M,S,1,92647.5,N,56.046667,16.04,5.74,10.34,0,CC,Budget,Standard,32.13,4
2328,F,S,2,21021.6,Y,62.753333,3.75,0,11.19,0,CC,Budget,Standard,14.95,3
2329,M,S,0,74460.7,Y,55.34,25.53,0.99,179.93,0,CC,FreeLocal,Standard,206.46,1
2331,F,S,2,28787.4,N,41.666667,27.97,0,58.09,0,Auto,Budget,Standard,86.06,1
2334,M,M,1,13091.6,N,59.126667,22.79,0,20.26,0,CC,Budget,Intnl_discount,43.06,4
2337,F,M,2,62061.8,Y,45.92,29.86,0,52.22,0,Auto,FreeLocal,Standard,82.08,2
2338,F,M,1,20550.9,Y,22.12,27.72,0.86,57.06,0,CC,Budget,Standard,85.64,1
2341,M,M,2,1765.41,N,18.766667,3.04,0,44.95,0,CC,FreeLocal,Standard,47.99,4
2342,F,S,2,19131.1,N,56.186667,22.15,0,34.91,0,Auto,Budget,Standard,57.07,3
2347,M,S,2,43634.5,N,21.78,29.44,9.42,104.64,0,CC,Budget,Standard,143.5,1
2351,F,S,1,13109.1,N,62.606667,22.38,0,40.48,0,Auto,Budget,Standard,62.87,2
2352,M,S,1,92647.5,N,56.046667,16.04,5.74,10.34,0,CC,Budget,Standard,32.13,1
2353,F,S,2,21021.6,Y,62.753333,3.75,0,11.19,0,CC,Budget,Standard,14.95,4
2354,M,S,0,74460.7,Y,55.34,25.53,0.99,179.93,0,CC,FreeLocal,Standard,206.46,3
2356,F,S,2,28787.4,N,41.666667,27.97,0,58.09,0,Auto,Budget,Standard,86.06,4
2359,M,M,1,13091.6,N,59.126667,22.79,0,20.26,0,CC,Budget,Intnl_discount,43.06,2
2362,F,M,2,62061.8,Y,45.92,29.86,0,52.22,0,Auto,FreeLocal,Standard,82.08,4
2363,F,M,1,20550.9,Y,22.12,27.72,0.86,57.06,0,CC,Budget,Standard,85.64,4
2366,M,M,2,1765.41,N,18.766667,3.04,0,44.95,0,CC,FreeLocal,Standard,47.99,4
2367,F,S,2,19131.1,N,56.186667,22.15,0,34.91,0,Auto,Budget,Standard,57.07,4
2371,F,S,2,6440.46,Y,41,22.66,0,27.2,0,CH,Budget,Standard,49.86,4
2372,M,M,1,63900.9,N,28.333333,8.36,0,39.04,0,CC,Budget,Standard,47.4,2
2373,M,M,2,28766.9,N,46.84,6.11,0,58.08,0,CC,Budget,Standard,64.2,1
2377,M,S,0,72928.2,N,38.733333,7.45,0,196.22,0,CC,Budget,Standard,203.67,2
2378,M,M,2,91272.2,Y,25.033333,26.99,0,13.01,0,CC,FreeLocal,Standard,40,2
2383,F,S,0,73228.3,N,43,22.47,0,28.11,0,Auto,Budget,Standard,50.58,2
2386,M,M,1,64792.3,N,52.146667,13.05,1.51,36.84,0,CH,FreeLocal,Standard,51.41,4
2388,F,S,0,93322.1,Y,40.313333,29.92,0,8.79,0,CH,Budget,Intnl_discount,38.72,1
2391,M,M,2,49910.7,Y,51.52,27.42,0,23.72,0,CC,Budget,Standard,51.14,3
2392,M,M,0,76161.4,Y,44.573333,11.96,0,25.58,0,CC,FreeLocal,Standard,37.55,1
2393,F,M,2,55860,Y,14.573333,16.01,0,10.35,0,CC,FreeLocal,Intnl_discount,26.37,1
2400,M,M,2,57360.8,Y,53.253333,10.36,0,57.25,0,CC,FreeLocal,Standard,67.61,1
2401,M,M,0,92414.7,Y,45.513333,29.43,0,10.62,0,CC,FreeLocal,Standard,40.06,3
2403,F,S,2,14578.8,Y,60.933333,11.91,0,95.1,0,Auto,Budget,Standard,107.02,2
2404,F,M,2,87578.2,Y,53.366667,0.29,0,22.15,0,CC,Budget,Standard,22.44,3
2405,F,M,2,86695.4,N,13.906667,25.94,0,32.09,0,CC,FreeLocal,Standard,58.03,1
2409,F,M,0,77000,N,42,29.64,0,90.18,4,Auto,FreeLocal,Intnl_discount,119.82,2
2410,M,M,1,2067.82,N,47.853333,15.25,0,70.65,0,CC,Budget,Intnl_discount,85.9,4
2413,M,M,2,30665.2,Y,22.88,5.83,8.32,63.28,0,Auto,FreeLocal,Standard,77.44,1
2414,F,M,1,83287,Y,52,6.08,0,30.95,0,Auto,FreeLocal,Intnl_discount,37.04,1
2415,F,M,1,98680.4,Y,48,17.58,0,8.85,0,CH,FreeLocal,Intnl_discount,26.44,3
2416,M,M,1,65619.7,Y,52.646667,13.56,0,144.66,0,CC,Budget,Standard,158.22,2
2417,F,M,1,95620.3,Y,52.646667,10.91,0,93.61,0,CC,Budget,Standard,104.53,3
2418,F,S,0,85275,N,62,22.48,0,151.61,0,Auto,FreeLocal,Intnl_discount,174.09,1
2419,F,M,1,66921.4,Y,70,15.7,0,8.97,0,CC,FreeLocal,Intnl_discount,24.67,4
2420,F,M,1,98453.6,Y,61,13.72,0,11.65,0,Auto,FreeLocal,Standard,25.38,2
2422,F,S,2,57420,Y,52,25.18,0,252.53,1,Auto,Budget,Standard,277.72,3
2423,M,M,0,70000,N,55,3.93,3.73,26.69,1,CH,FreeLocal,Standard,34.35,1
2424,M,M,2,47639.1,N,41,17.48,0,39.62,0,CC,Budget,Intnl_discount,57.11,2
2427,F,S,0,39461,N,22.226667,22.87,0.28,103.52,1,CC,FreeLocal,Standard,126.68,1
2428,M,M,1,47371,Y,54.96,4.98,7.69,258.29,0,CC,Budget,Intnl_discount,270.97,4
2429,F,S,0,89813.6,N,12.846667,14.94,1.96,149.26,0,CC,FreeLocal,Intnl_discount,166.18,4
2431,M,S,1,16432.1,Y,20.92,20.41,8.89,80.47,0,CH,Budget,Intnl_discount,109.78,1
2434,F,S,1,540.4,Y,39.213333,12.34,0,7.75,0,Auto,Budget,Intnl_discount,20.1,2
2436,F,M,2,80087.7,N,41.92,8.74,0,22.82,0,CC,FreeLocal,Standard,31.56,3
2437,F,M,2,59691.3,N,38.04,21.94,0,256.7,0,CC,Budget,Standard,278.65,4
2438,F,S,2,11251.1,Y,41,28.42,0,113.48,0,CC,FreeLocal,Standard,141.91,2
2442,F,S,2,93559.1,N,57.62,1.52,0,29.9,0,CC,Budget,Standard,31.42,4
2443,F,S,2,3416.62,Y,22.76,18.97,0,104.73,0,CC,Budget,Standard,123.7,3
2444,F,D,1,93454.3,Y,48.533333,18.94,0,25.18,0,Auto,FreeLocal,Standard,44.13,4
2445,M,M,0,5745,Y,15.38,26.4,0,17.71,0,CC,FreeLocal,Standard,44.11,1
2451,F,M,1,13829.4,N,24,45,0,8.84,0,CH,FreeLocal,Standard,34.61,1
2452,F,M,2,11234.7,Y,49.046667,0.69,0,112.72,0,CC,Budget,Standard,113.42,4
2454,F,M,1,82931.3,N,64.64,19.24,0,118,0,Auto,FreeLocal,Standard,137.25,1
2455,F,M,2,57483.9,N,44.026667,17.01,0,27.29,0,CH,Budget,Standard,44.3,3
2457,F,S,2,21274,N,45.526667,10.87,0,32.43,0,Auto,FreeLocal,Standard,43.31,3
2458,F,M,2,28267,N,30.093333,21.87,0,192.53,0,CC,FreeLocal,Standard,214.41,2
2460,F,M,2,36725.1,N,55.793333,8.65,9.22,77,0,CH,Budget,Standard,94.88,2
2464,M,S,1,94188.3,N,57.546667,20.86,0.86,19.78,0,CC,Budget,Standard,41.51,4
2467,F,M,2,91861,Y,41.98,15.32,0,6.74,0,CC,Budget,Standard,22.06,3
2470,F,S,1,12374.9,Y,33.493333,17.49,0,106.1,0,Auto,FreeLocal,Standard,123.59,3
2471,F,M,2,69133.9,Y,26.833333,8.58,0,37.73,0,CH,FreeLocal,Standard,46.32,4
2473,F,M,2,84948,Y,29.446667,11.14,0,12.58,0,CH,FreeLocal,Intnl_discount,23.73,1
2474,F,M,2,30998.8,N,40.96,2.4,0,50.5,0,Auto,Budget,Standard,52.91,4
2480,M,M,2,21416.5,N,35.653333,9.9,9.17,8.53,0,CC,FreeLocal,Intnl_discount,27.61,3
2484,M,S,0,78554.2,N,16.7,5.59,7.26,23.03,0,Auto,Budget,Standard,35.88,2
2485,F,M,2,38215.9,N,30.886667,0,0,0.97,0,Auto,Budget,Standard,0.97,2
2486,F,M,1,30000,N,21,33,0,160.42,0,CC,FreeLocal,Standard,176.61,1
2487,F,M,2,49745.3,N,47.966667,2.84,0,24.44,0,CH,Budget,Intnl_discount,27.28,2
2489,F,M,2,88427,N,13.86,22.46,4.16,43.34,0,CC,Budget,Standard,69.97,1
2490,F,M,2,98003.7,Y,26.273333,1.03,0,83.39,0,CC,FreeLocal,Intnl_discount,84.42,2
2491,M,S,0,89142.7,N,53.693333,3.76,8.13,5.01,0,CC,Budget,Intnl_discount,16.91,3
2492,F,S,0,74530.8,N,63.086667,20.89,0.49,106.5,0,Auto,FreeLocal,Intnl_discount,127.89,4
2494,F,S,0,41000,N,22,28,0,262.91,0,CC,Budget,Standard,265.78,1
2499,F,M,2,76289.2,N,48.206667,22.2,0,82.43,0,CC,Budget,Intnl_discount,104.63,3
2501,M,M,1,66931.9,N,63.933333,11.72,0.39,5.35,0,CC,Budget,Standard,17.46,1
2502,M,S,0,9309.57,Y,25.44,8.56,0,99.73,0,CC,FreeLocal,Standard,108.3,2
2503,F,M,1,32962.6,N,24,25.77,0,26.78,0,Auto,FreeLocal,Intnl_discount,48.08,3
2504,F,S,0,42000,N,21,39,0,154.77,0,CC,Budget,Intnl_discount,168.28,3
2505,F,S,0,39000,N,22,59,0,61.44,0,CC,Budget,Standard,65.79,1
2506,F,S,2,42000,N,20,43,0,35.73,0,Auto,Budget,Standard,41.78,1
2507,F,D,1,77726.4,N,56.72,14,0,9.51,0,Auto,Budget,Intnl_discount,23.52,3
2508,F,S,2,35089,N,18,42,2.22,38.18,0,CC,FreeLocal,Standard,62.95,3
2509,F,S,1,2800.68,N,45.673333,28.45,0,106.3,0,CC,Budget,Standard,134.75,1
2512,F,M,2,90271.6,N,44.926667,13.96,0,96.43,0,CC,FreeLocal,Standard,110.4,3
2516,F,M,2,64816.6,Y,31.126667,21,0,6.87,0,CC,Budget,Standard,27.87,4
2517,F,M,2,98217.1,N,44.98,29.49,0,13.24,0,CC,FreeLocal,Standard,42.74,1
2520,F,S,0,15989.3,N,61.693333,3.67,0,25.49,1,CC,Budget,Intnl_discount,29.17,2
2526,M,S,1,84978.1,N,21.64,5.03,7.68,76.07,0,CH,FreeLocal,Intnl_discount,88.79,2
2527,F,M,2,36647.9,N,49.986667,21.41,0,85.96,0,CC,Budget,Intnl_discount,107.38,4
2528,F,S,0,64319.2,N,41.226667,3.01,0,37.15,0,CH,Budget,Intnl_discount,40.16,1
2529,F,S,1,73338,N,48.246667,20.92,0,9.01,0,Auto,Budget,Intnl_discount,29.93,1
2530,F,S,0,433.74,N,60.746667,3.3,0,40.91,0,CC,FreeLocal,Standard,44.22,3
2531,F,M,2,16962.2,N,45.36,18.6,0,8.96,0,CC,Budget,Standard,27.57,2
2533,M,M,2,10708.3,N,26.026667,20.83,4.85,117.26,0,CH,Budget,Intnl_discount,142.95,2
2536,F,M,0,2031.61,N,20.3,21.64,0,87.4,0,CC,Budget,Standard,109.04,4
2539,F,S,2,16938.5,N,42,13.35,0,8.76,0,CH,FreeLocal,Standard,22.11,4
2542,F,M,0,55221,N,46,0.49,0,15.2,0,CC,FreeLocal,Standard,15.69,4
2543,F,M,1,8073.11,N,47,28.7,0,60.35,0,Auto,FreeLocal,Standard,89.05,4
2544,M,M,0,95448.6,Y,53.68,24.24,0,5.21,0,CH,Budget,Standard,29.46,3
2545,M,S,1,24141.5,Y,17.006667,28.82,0,97.05,0,CC,FreeLocal,Standard,125.87,4
2546,M,S,2,63152.6,Y,63.173333,29.93,0,40.07,0,CC,Budget,Intnl_discount,70.01,4
2548,M,S,2,72084.7,N,55.64,29.11,0,9.02,0,CC,Budget,Intnl_discount,38.13,1
2549,F,S,0,42760.5,N,48,13.47,0,40.23,0,CC,Budget,Standard,53.7,4
2550,F,S,1,49072,N,52.646667,23.5,0,10.74,0,Auto,Budget,Intnl_discount,34.25,2
2551,F,M,0,27371.8,Y,62,16.14,0,126.55,0,CC,FreeLocal,Standard,142.7,2
2554,M,M,1,71472.9,N,41.913333,16.02,0,114.2,0,CH,Budget,Standard,130.22,1
2555,F,M,0,95405.7,N,62,7.74,0,6.21,0,CC,Budget,Standard,13.96,3
2556,F,S,0,95786.8,Y,41,21.33,0,87.46,0,CC,Budget,Standard,108.79,2
2558,M,S,0,90321.6,N,55.113333,0.87,0,11.52,0,CC,FreeLocal,Intnl_discount,12.39,4
2559,M,S,0,90478.6,N,54.553333,18.02,0,136.47,0,CH,FreeLocal,Standard,154.49,4
2560,F,M,2,56187,N,43,8.09,0,13.74,0,CH,Budget,Standard,21.83,3
2563,F,S,1,35000,N,24.393333,23.56,0,206.08,0,CC,Budget,Intnl_discount,229.64,2
2565,M,M,0,9780.66,N,24.546667,2.8,7.27,11.32,1,CC,FreeLocal,Standard,21.39,2
2569,M,M,2,53010.8,N,18.84,12.45,0,46.42,4,CC,FreeLocal,Standard,58.87,3
2570,M,M,0,75004.5,N,64.8,26.52,0,32.19,0,CC,Budget,Intnl_discount,58.72,1
2573,M,M,0,19749.3,N,60.366667,20.22,0,13.94,0,CC,Budget,Standard,34.17,2
2574,M,S,1,57626.9,Y,43.906667,9.38,0,38.96,0,CC,Budget,Standard,48.35,3
2575,M,S,0,20078,N,32.846667,9.65,0,6.33,0,CC,Budget,Intnl_discount,15.98,2
2576,F,M,2,47902,N,26.033333,17.44,4.94,49.92,1,Auto,FreeLocal,Standard,72.31,2
2577,M,M,1,7545.96,Y,16.753333,22.39,0,178.36,0,CC,Budget,Standard,200.75,2
2581,M,S,2,89459.9,N,53.28,11.54,1.61,22.9,0,CC,FreeLocal,Standard,36.05,4
2584,F,S,1,13576.5,N,39.426667,14.83,0,25.66,0,CC,Budget,Standard,40.49,3
2586,F,M,2,42031.8,N,50.753333,20.45,0,39.33,0,CH,Budget,Intnl_discount,59.78,1
2591,M,S,2,43634.5,N,21.78,29.44,9.42,104.64,0,CC,Budget,Standard,143.5,3
2595,F,S,1,13109.1,N,62.606667,22.38,0,40.48,0,Auto,Budget,Standard,62.87,3
2596,M,S,1,92647.5,N,56.046667,16.04,5.74,10.34,0,CC,Budget,Standard,32.13,4
2597,F,S,2,21021.6,Y,62.753333,3.75,0,11.19,0,CC,Budget,Standard,14.95,3
2598,M,S,0,74460.7,Y,55.34,25.53,0.99,179.93,0,CC,FreeLocal,Standard,206.46,1
2599,F,M,1,43894.5,N,40.18,29.28,0,40.38,0,CC,FreeLocal,Intnl_discount,69.67,2
2600,F,S,2,28787.4,N,41.666667,27.97,0,58.09,0,Auto,Budget,Standard,86.06,4
2601,F,S,1,94278.7,Y,53.12,26.68,0,9.67,0,CC,FreeLocal,Standard,36.35,1
2602,F,M,0,83900.2,N,45.04,28.21,0,8.62,0,CC,FreeLocal,Intnl_discount,36.83,1
2603,M,M,1,13091.6,N,59.126667,22.79,0,20.26,0,CC,Budget,Intnl_discount,43.06,2
2604,F,M,0,91708.4,N,37.293333,17.21,0,31.55,0,CH,Budget,Intnl_discount,48.77,3
2605,F,S,0,64335,Y,19.066667,17,0,137.33,2,CC,FreeLocal,Standard,154.34,1
2606,F,M,2,62061.8,Y,45.92,29.86,0,52.22,0,Auto,FreeLocal,Standard,82.08,4
2607,F,M,1,20550.9,Y,22.12,27.72,0.86,57.06,0,CC,Budget,Standard,85.64,2
2608,F,S,0,76142,N,32.02,28.42,0,84.1,0,CC,FreeLocal,Standard,112.53,2
2609,F,M,1,46513.5,N,30.053333,17.06,0,41.71,2,Auto,Budget,Standard,58.78,2
2610,M,S,1,1765.41,N,18.766667,3.04,0,44.95,0,CC,FreeLocal,Standard,47.99,2
2611,F,S,2,19131.1,N,56.186667,22.15,0,34.91,0,Auto,Budget,Standard,57.07,4
2612,F,S,0,98716.3,N,55.66,20.97,8.23,13.92,0,CC,FreeLocal,Standard,43.13,1
2613,F,S,2,38280,N,33.74,11.64,0,74.97,0,Auto,FreeLocal,Intnl_discount,86.61,2
2615,F,S,2,6440.46,Y,46,22.66,0,27.2,0,CH,Budget,Standard,49.86,1
2616,M,M,1,63900.9,N,28.333333,8.36,0,39.04,0,CC,Budget,Standard,47.4,2
2617,M,M,2,28766.9,N,46.84,6.11,0,58.08,0,CC,Budget,Standard,64.2,3
2618,F,M,1,56722.8,N,60.593333,17.37,6.21,51.17,0,CC,FreeLocal,Standard,74.77,3
2619,M,M,1,5252.29,N,16.333333,2.65,0,17.08,1,Auto,Budget,Standard,19.73,2
2620,F,M,0,78851.3,N,48.373333,0.37,0,28.66,0,CC,FreeLocal,Standard,29.04,1
2621,M,S,0,72928.2,N,38.733333,7.45,0,196.22,0,CC,Budget,Standard,203.67,2
2622,M,M,2,91272.2,Y,25.033333,26.99,0,13.01,0,CC,FreeLocal,Standard,40,4
2623,F,M,0,83891.9,Y,61.02,28.92,0,45.47,0,CH,Budget,Standard,74.4,2
2624,M,S,0,3601.71,N,49.266667,9.57,4.19,111.84,0,Auto,Budget,Intnl_discount,125.6,3
2627,F,S,0,73228.3,N,70,22.47,0,28.11,0,Auto,Budget,Standard,50.58,1
2630,M,M,1,64792.3,N,52.146667,13.05,1.51,36.84,0,CH,FreeLocal,Standard,51.41,3
2632,F,S,0,93322.1,Y,40.313333,29.92,0,8.79,0,CH,Budget,Intnl_discount,38.72,1
2635,M,M,2,49910.7,Y,51.52,27.42,0,23.72,0,CC,Budget,Standard,51.14,3
2636,M,M,1,76161.4,Y,44.573333,11.96,0,25.58,0,CC,FreeLocal,Standard,37.55,4
2637,F,M,2,55860,Y,14.573333,16.01,0,10.35,0,CC,FreeLocal,Intnl_discount,26.37,2
2644,M,M,2,57360.8,Y,53.253333,10.36,0,57.25,0,CC,FreeLocal,Standard,67.61,1
2645,M,M,1,92414.7,Y,45.513333,29.43,0,10.62,0,CC,FreeLocal,Standard,40.06,3
2647,F,S,2,14578.8,Y,60.933333,11.91,0,95.1,0,Auto,Budget,Standard,107.02,1
2648,F,M,2,87578.2,Y,53.366667,0.29,0,22.15,0,CC,Budget,Standard,22.44,2
2649,F,M,2,86695.4,N,13.906667,25.94,0,32.09,0,CC,FreeLocal,Standard,58.03,1
2653,F,M,0,66666,N,60,29.64,0,90.18,4,Auto,FreeLocal,Intnl_discount,119.82,2
2654,M,M,1,2067.82,N,47.853333,15.25,0,70.65,0,CC,Budget,Intnl_discount,85.9,1
2657,M,S,0,30665.2,Y,22.88,5.83,8.32,63.28,0,Auto,FreeLocal,Standard,77.44,2
2658,F,M,1,77000,Y,48,6.08,0,30.95,0,Auto,FreeLocal,Intnl_discount,37.04,2
2659,F,M,1,98680.4,Y,43,17.58,0,8.85,0,CH,FreeLocal,Intnl_discount,26.44,3
2660,M,M,0,65619.7,Y,46,13.56,0,144.66,0,CC,Budget,Standard,158.22,3
2661,F,M,1,95620.3,Y,46,10.91,0,93.61,0,CC,Budget,Standard,104.53,2
2662,F,S,0,85275,N,70,22.48,0,151.61,0,Auto,FreeLocal,Intnl_discount,174.09,3
2663,F,M,1,66921.4,Y,55,15.7,0,8.97,0,CC,FreeLocal,Intnl_discount,24.67,4
2664,F,M,1,98453.6,Y,52,13.72,0,11.65,0,Auto,FreeLocal,Standard,25.38,3
2666,F,S,2,57420,Y,43,25.18,0,252.53,1,Auto,Budget,Standard,277.72,3
2667,M,M,0,58986.2,N,26.98,3.93,3.73,26.69,1,CH,FreeLocal,Standard,34.35,2
2668,F,M,2,47639.1,N,61,17.48,0,39.62,0,CC,Budget,Intnl_discount,57.11,2
2671,F,S,0,39461,N,22.226667,22.87,0.28,103.52,1,CC,FreeLocal,Standard,126.68,1
2672,M,M,1,47371,Y,54.96,4.98,7.69,258.29,0,CC,Budget,Intnl_discount,270.97,2
2673,F,S,0,89813.6,N,12.846667,14.94,1.96,149.26,0,CC,FreeLocal,Intnl_discount,166.18,4
2675,M,S,1,16432.1,Y,20.92,20.41,8.89,80.47,0,CH,Budget,Intnl_discount,109.78,3
2678,F,S,1,540.4,Y,39.213333,12.34,0,7.75,0,Auto,Budget,Intnl_discount,20.1,1
2680,F,M,2,80087.7,N,41.92,8.74,0,22.82,0,CC,FreeLocal,Standard,31.56,2
2681,F,M,2,59691.3,N,38.04,21.94,0,256.7,0,CC,Budget,Standard,278.65,4
2682,F,S,2,11251.1,Y,46,28.42,0,113.48,0,CC,FreeLocal,Standard,141.91,4
2685,M,S,1,37626,N,33.866667,7.5,8.06,71.55,0,CH,Budget,Intnl_discount,87.12,2
2687,F,S,2,3416.62,Y,22.76,18.97,0,104.73,0,CC,Budget,Standard,123.7,2
2688,F,S,0,93454.3,Y,48.533333,18.94,0,25.18,0,Auto,FreeLocal,Standard,44.13,2
2689,M,M,0,5745,Y,15.38,26.4,0,17.71,0,CC,FreeLocal,Standard,44.11,2
2695,F,M,1,13829.4,N,20,45,0,8.84,0,CH,FreeLocal,Standard,34.61,4
2696,F,M,2,11234.7,Y,49.046667,0.69,0,112.72,0,CC,Budget,Standard,113.42,4
2698,F,M,1,82931.3,N,64.64,19.24,0,118,0,Auto,FreeLocal,Standard,137.25,1
2699,F,M,2,57483.9,N,44.026667,17.01,0,27.29,0,CH,Budget,Standard,44.3,1
2701,F,S,2,21274,N,45.526667,10.87,0,32.43,0,Auto,FreeLocal,Standard,43.31,4
2702,F,M,2,28267,N,30.093333,21.87,0,192.53,0,CC,FreeLocal,Standard,214.41,3
2704,F,M,2,36725.1,N,55.793333,8.65,9.22,77,0,CH,Budget,Standard,94.88,2
2708,M,S,1,94188.3,N,57.546667,20.86,0.86,19.78,0,CC,Budget,Standard,41.51,1
2711,F,M,2,91861,Y,41.98,15.32,0,6.74,0,CC,Budget,Standard,22.06,1
2714,F,S,1,12374.9,Y,33.493333,17.49,0,106.1,0,Auto,FreeLocal,Standard,123.59,4
2715,F,M,2,69133.9,Y,26.833333,8.58,0,37.73,0,CH,FreeLocal,Standard,46.32,4
2717,F,M,2,84948,Y,29.446667,11.14,0,12.58,0,CH,FreeLocal,Intnl_discount,23.73,3
2718,F,M,2,30998.8,N,40.96,2.4,0,50.5,0,Auto,Budget,Standard,52.91,2
2720,M,S,0,15924.2,N,14.46,0,0,1.46,0,CH,FreeLocal,Standard,1.46,2
2724,M,M,2,21416.5,N,35.653333,9.9,9.17,8.53,0,CC,FreeLocal,Intnl_discount,27.61,3
2728,M,M,2,78554.2,N,16.7,5.59,7.26,23.03,0,Auto,Budget,Standard,35.88,3
2729,F,M,2,38215.9,N,30.886667,0,0,0.97,0,Auto,Budget,Standard,0.97,1
2730,F,M,1,14085.5,N,19,29,0,160.42,0,CC,FreeLocal,Standard,176.61,1
2731,F,M,2,49745.3,N,47.966667,2.84,0,24.44,0,CH,Budget,Intnl_discount,27.28,4
2733,F,M,2,88427,N,13.86,22.46,4.16,43.34,0,CC,Budget,Standard,69.97,2
2734,F,M,2,98003.7,Y,26.273333,1.03,0,83.39,0,CC,FreeLocal,Intnl_discount,84.42,2
2735,M,S,0,89142.7,N,32,3.76,8.13,5.01,0,CC,Budget,Intnl_discount,16.91,2
2736,F,S,0,74530.8,N,63.086667,20.89,0.49,106.5,0,Auto,FreeLocal,Intnl_discount,127.89,3
2738,F,S,0,32962.6,N,23,45,0,262.91,0,CC,Budget,Standard,265.78,1
2743,F,M,2,76289.2,N,48.206667,22.2,0,82.43,0,CC,Budget,Intnl_discount,104.63,4
2745,M,M,1,66931.9,N,63.933333,11.72,0.39,5.35,0,CC,Budget,Standard,17.46,3
2746,M,M,2,9309.57,Y,25.44,8.56,0,99.73,0,CC,FreeLocal,Standard,108.3,1
2747,F,M,1,42000,N,24,33,0,26.78,0,Auto,FreeLocal,Intnl_discount,48.08,4
2748,F,S,0,43000,N,24,28,0,154.77,0,CC,Budget,Intnl_discount,168.28,4
2749,F,S,0,42000,N,23,25.77,0,61.44,0,CC,Budget,Standard,65.79,3
2750,F,S,2,32098,N,22,38,0,35.73,0,Auto,Budget,Standard,41.78,4
2751,F,S,0,77726.4,N,56.72,14,0,9.51,0,Auto,Budget,Intnl_discount,23.52,3
2752,F,S,2,35000,N,19,39,2.22,38.18,0,CC,FreeLocal,Standard,62.95,3
2753,F,S,1,2800.68,N,45.673333,28.45,0,106.3,0,CC,Budget,Standard,134.75,4
2756,F,M,2,90271.6,N,44.926667,13.96,0,96.43,0,CC,FreeLocal,Standard,110.4,4
2760,F,M,2,64816.6,Y,31.126667,21,0,6.87,0,CC,Budget,Standard,27.87,4
2761,F,M,2,98217.1,N,44.98,29.49,0,13.24,0,CC,FreeLocal,Standard,42.74,2
2764,F,S,0,15989.3,N,61.693333,3.67,0,25.49,1,CC,Budget,Intnl_discount,29.17,3
2770,M,S,1,84978.1,N,21.64,5.03,7.68,76.07,0,CH,FreeLocal,Intnl_discount,88.79,2
2771,F,M,2,36647.9,N,49.986667,21.41,0,85.96,0,CC,Budget,Intnl_discount,107.38,1
2772,F,S,0,64319.2,N,41.226667,3.01,0,37.15,0,CH,Budget,Intnl_discount,40.16,1
2773,F,S,1,73338,N,48.246667,20.92,0,9.01,0,Auto,Budget,Intnl_discount,29.93,3
2774,F,S,0,433.74,N,60.746667,3.3,0,40.91,0,CC,FreeLocal,Standard,44.22,1
2775,F,M,2,16962.2,N,45.36,18.6,0,8.96,0,CC,Budget,Standard,27.57,1
2777,M,M,2,10708.3,N,26.026667,20.83,4.85,117.26,0,CH,Budget,Intnl_discount,142.95,1
2780,F,M,0,2031.61,N,20.3,21.64,0,87.4,0,CC,Budget,Standard,109.04,1
2783,F,S,2,16938.5,N,46,13.35,0,8.76,0,CH,FreeLocal,Standard,22.11,3
2786,F,M,0,55221,N,48,0.49,0,15.2,0,CC,FreeLocal,Standard,15.69,4
2787,F,M,1,8073.11,N,52.646667,28.7,0,60.35,0,Auto,FreeLocal,Standard,89.05,3
2788,M,M,0,95448.6,Y,53.68,24.24,0,5.21,0,CH,Budget,Standard,29.46,4
2789,M,S,1,24141.5,Y,17.006667,28.82,0,97.05,0,CC,FreeLocal,Standard,125.87,3
2790,M,S,2,63152.6,Y,63.173333,29.93,0,40.07,0,CC,Budget,Intnl_discount,70.01,4
2792,M,S,2,72084.7,N,55.64,29.11,0,9.02,0,CC,Budget,Intnl_discount,38.13,4
2793,F,S,0,42760.5,N,62,13.47,0,40.23,0,CC,Budget,Standard,53.7,3
2794,F,S,1,49072,N,41,23.5,0,10.74,0,Auto,Budget,Intnl_discount,34.25,4
2795,F,M,0,27371.8,Y,43,16.14,0,126.55,0,CC,FreeLocal,Standard,142.7,4
2798,M,M,1,71472.9,N,41.913333,16.02,0,114.2,0,CH,Budget,Standard,130.22,3
2799,F,M,0,95405.7,N,70,7.74,0,6.21,0,CC,Budget,Standard,13.96,3
2800,F,S,0,95786.8,Y,57.553333,21.33,0,87.46,0,CC,Budget,Standard,108.79,1
2802,M,S,0,90321.6,N,55.113333,0.87,0,11.52,0,CC,FreeLocal,Intnl_discount,12.39,3
2803,M,S,0,90478.6,N,54.553333,18.02,0,136.47,0,CC,FreeLocal,Standard,154.49,2
2804,F,M,2,56187,N,52.646667,8.09,0,13.74,0,CH,Budget,Standard,21.83,2
2807,F,S,1,38000,N,24.393333,23.56,0,206.08,0,CC,Budget,Intnl_discount,229.64,3
2813,M,M,2,53010.8,N,18.84,12.45,0,46.42,4,CC,FreeLocal,Standard,58.87,1
2814,M,M,0,75004.5,N,64.8,26.52,0,32.19,0,CC,Budget,Intnl_discount,58.72,4
2817,M,M,0,19749.3,N,60.366667,20.22,0,13.94,0,CC,Budget,Standard,34.17,2
2818,M,S,1,57626.9,Y,43.906667,9.38,0,38.96,0,CC,Budget,Standard,48.35,4
2819,M,M,2,20078,N,32.846667,9.65,0,6.33,0,CC,Budget,Intnl_discount,15.98,4
2820,F,M,2,47902,N,26.033333,17.44,4.94,49.92,1,Auto,FreeLocal,Standard,72.31,4
2821,M,M,1,7545.96,Y,16.753333,22.39,0,178.36,0,CC,Budget,Standard,200.75,1
2825,M,S,2,89459.9,N,53.28,11.54,1.61,22.9,0,CC,FreeLocal,Standard,36.05,2
2827,F,S,1,37000,N,24.393333,23.56,0,206.08,0,CC,Budget,Intnl_discount,229.64,1
2829,M,M,0,9780.66,N,24.546667,2.8,7.27,11.32,1,CC,FreeLocal,Standard,21.39,2
2833,M,M,2,53010.8,N,18.84,12.45,0,46.42,4,CC,FreeLocal,Standard,58.87,2
2834,M,M,1,75004.5,N,64.8,26.52,0,32.19,0,CC,Budget,Intnl_discount,58.72,2
2837,M,M,0,19749.3,N,60.366667,20.22,0,13.94,0,CC,Budget,Standard,34.17,1
2838,M,S,1,57626.9,Y,43.906667,9.38,0,38.96,0,CC,Budget,Standard,48.35,3
2839,M,M,2,20078,N,32.846667,9.65,0,6.33,0,CC,Budget,Intnl_discount,15.98,1
2840,F,M,2,47902,N,26.033333,17.44,4.94,49.92,1,Auto,FreeLocal,Standard,72.31,4
2841,M,M,1,7545.96,Y,16.753333,22.39,0,178.36,0,CC,Budget,Standard,200.75,1
2845,M,S,2,89459.9,N,53.28,11.54,1.61,22.9,0,CC,FreeLocal,Standard,36.05,2
2848,F,S,1,13576.5,N,39.426667,14.83,0,25.66,0,CC,Budget,Standard,40.49,1
2850,F,M,2,42031.8,N,50.753333,20.45,0,39.33,0,CH,Budget,Intnl_discount,59.78,3
2851,F,S,1,97689.2,N,59.073333,6.08,0,8.79,0,CC,FreeLocal,Standard,14.87,4
2852,F,S,1,75397.8,Y,57.66,24.42,0,35.9,0,CC,FreeLocal,Standard,60.32,4
2853,F,M,1,49453.8,N,55.073333,17.13,0,12.33,0,CC,Budget,Standard,29.46,4
2854,M,M,0,92881.8,N,21.38,2.15,6.12,85.29,0,CC,FreeLocal,Standard,93.57,2
2855,M,S,2,43634.5,N,21.78,29.44,9.42,104.64,0,CC,Budget,Standard,143.5,2
2856,F,S,0,68641.5,Y,47.98,5.1,0,50.22,0,CC,FreeLocal,Intnl_discount,55.32,4
2857,F,M,1,50735.1,Y,36.253333,11.62,0,16.76,0,CC,Budget,Standard,28.38,4
2858,F,M,1,52490.1,N,19.193333,10.1,9.69,9.81,0,CC,FreeLocal,Standard,29.62,4
2859,F,S,1,13109.1,N,62.606667,22.38,0,40.48,0,Auto,Budget,Standard,62.87,3
2860,M,S,1,92647.5,N,56.046667,16.04,5.74,10.34,0,CC,Budget,Standard,32.13,1
2861,F,S,2,21021.6,Y,62.753333,3.75,0,11.19,0,CC,Budget,Standard,14.95,4
2862,M,S,0,74460.7,Y,55.34,25.53,0.99,179.93,0,CC,FreeLocal,Standard,206.46,3
2863,F,M,1,43894.5,N,40.18,29.28,0,40.38,0,CC,FreeLocal,Intnl_discount,69.67,4
2864,F,S,2,28787.4,N,41.666667,27.97,0,58.09,0,Auto,Budget,Standard,86.06,3
2865,F,S,1,94278.7,Y,53.12,26.68,0,9.67,0,CC,FreeLocal,Standard,36.35,4
2866,F,M,0,83900.2,N,45.04,28.21,0,8.62,0,CC,FreeLocal,Intnl_discount,36.83,4
2867,M,M,1,13091.6,N,59.126667,22.79,0,20.26,0,CC,Budget,Intnl_discount,43.06,4
2868,F,M,0,91708.4,N,37.293333,17.21,0,31.55,0,CH,Budget,Intnl_discount,48.77,4
2870,F,M,2,62061.8,Y,45.92,29.86,0,52.22,0,Auto,FreeLocal,Standard,82.08,1
2871,F,M,1,20550.9,Y,22.12,27.72,0.86,57.06,0,CC,Budget,Standard,85.64,3
2874,M,M,2,1765.41,N,18.766667,3.04,0,44.95,0,CC,FreeLocal,Standard,47.99,4
2875,F,S,2,19131.1,N,56.186667,22.15,0,34.91,0,Auto,Budget,Standard,57.07,1
2879,F,S,2,6440.46,Y,61,22.66,0,27.2,0,CH,Budget,Standard,49.86,1
2881,M,M,2,28766.9,N,46.84,6.11,0,58.08,0,CC,Budget,Standard,64.2,1
2886,M,M,2,91272.2,Y,25.033333,26.99,0,13.01,0,CC,FreeLocal,Standard,40,2
2891,F,S,0,73228.3,N,55,22.47,0,28.11,0,Auto,Budget,Standard,50.58,3
2894,M,M,1,64792.3,N,52.146667,13.05,1.51,36.84,0,CH,FreeLocal,Standard,51.41,1
2896,F,S,0,93322.1,Y,40.313333,29.92,0,8.79,0,CH,Budget,Intnl_discount,38.72,1
2899,M,M,2,49910.7,Y,51.52,27.42,0,23.72,0,CC,Budget,Standard,51.14,4
2900,M,M,0,76161.4,Y,44.573333,11.96,0,25.58,0,CC,FreeLocal,Standard,37.55,1
2901,F,M,2,55860,Y,14.573333,16.01,0,10.35,0,CC,FreeLocal,Intnl_discount,26.37,1
2908,M,M,2,57360.8,Y,53.253333,10.36,0,57.25,0,CC,FreeLocal,Standard,67.61,3
2909,M,M,0,92414.7,Y,45.513333,29.43,0,10.62,0,CC,FreeLocal,Standard,40.06,1
2911,F,S,2,14578.8,Y,60.933333,11.91,0,95.1,0,Auto,Budget,Standard,107.02,3
2912,F,M,2,87578.2,Y,53.366667,0.29,0,22.15,0,CC,Budget,Standard,22.44,1
2913,F,M,2,86695.4,N,13.906667,25.94,0,32.09,0,CC,FreeLocal,Standard,58.03,2
2917,F,M,0,68000,N,45.486667,29.64,0,90.18,4,Auto,FreeLocal,Intnl_discount,119.82,2
2918,M,M,1,2067.82,N,47.853333,15.25,0,70.65,0,CC,Budget,Intnl_discount,85.9,3
2921,M,M,2,30665.2,Y,22.88,5.83,8.32,63.28,0,Auto,FreeLocal,Standard,77.44,4
2922,F,M,1,80000,Y,63.353333,6.08,0,30.95,0,Auto,FreeLocal,Intnl_discount,37.04,1
2923,F,M,1,98680.4,Y,58.706667,17.58,0,8.85,0,CH,FreeLocal,Intnl_discount,26.44,1
2924,F,M,2,65619.7,Y,55,13.56,0,144.66,0,CC,Budget,Standard,158.22,4
2925,F,M,1,95620.3,Y,49.12,10.91,0,93.61,0,CC,Budget,Standard,104.53,4
2926,F,D,1,85275,N,52,22.48,0,151.61,0,Auto,FreeLocal,Intnl_discount,174.09,3
2927,F,M,1,66921.4,Y,42,15.7,0,8.97,0,CC,FreeLocal,Intnl_discount,24.67,2
2928,F,M,1,98453.6,Y,43,13.72,0,11.65,0,Auto,FreeLocal,Standard,25.38,4
2930,F,S,2,57420,Y,47,25.18,0,252.53,1,Auto,Budget,Standard,277.72,2
2931,M,M,0,58986.2,N,26.98,3.93,3.73,26.69,1,CH,FreeLocal,Standard,34.35,2
2932,F,M,2,47639.1,N,42,17.48,0,39.62,0,CC,Budget,Intnl_discount,57.11,3
2935,F,S,0,39461,N,22.226667,22.87,0.28,103.52,1,CC,FreeLocal,Standard,126.68,4
2936,M,M,1,47371,Y,54.96,4.98,7.69,258.29,0,CC,Budget,Intnl_discount,270.97,4
2937,F,S,0,89813.6,N,12.846667,14.94,1.96,149.26,0,CC,FreeLocal,Intnl_discount,166.18,4
2939,M,S,1,16432.1,Y,20.92,20.41,8.89,80.47,0,CH,Budget,Intnl_discount,109.78,4
2942,F,S,1,540.4,Y,39.213333,12.34,0,7.75,0,Auto,Budget,Intnl_discount,20.1,4
2944,F,M,2,80087.7,N,41.92,8.74,0,22.82,0,CC,FreeLocal,Standard,31.56,1
2945,F,M,2,59691.3,N,38.04,21.94,0,256.7,0,CC,Budget,Standard,278.65,3
2946,F,S,2,11251.1,Y,61,28.42,0,113.48,0,CC,FreeLocal,Standard,141.91,4
2951,F,S,2,3416.62,Y,22.76,18.97,0,104.73,0,CC,Budget,Standard,123.7,4
2952,F,S,0,93454.3,Y,48.533333,18.94,0,25.18,0,Auto,FreeLocal,Standard,44.13,4
2953,M,M,0,5745,Y,15.38,26.4,0,17.71,0,CC,FreeLocal,Standard,44.11,4
2959,F,M,1,30000,N,20,59,0,8.84,0,CH,FreeLocal,Standard,34.61,2
2960,F,M,2,11234.7,Y,49.046667,0.69,0,112.72,0,CC,Budget,Standard,113.42,3
2962,F,M,1,82931.3,N,64.64,19.24,0,118,0,Auto,FreeLocal,Standard,137.25,3
2963,F,M,2,57483.9,N,44.026667,17.01,0,27.29,0,CH,Budget,Standard,44.3,4
2965,F,S,2,21274,N,45.526667,10.87,0,32.43,0,Auto,FreeLocal,Standard,43.31,4
2966,F,M,2,28267,N,30.093333,21.87,0,192.53,0,CC,FreeLocal,Standard,214.41,2
2968,F,M,2,36725.1,N,55.793333,8.65,9.22,77,0,CH,Budget,Standard,94.88,4
2972,M,S,1,94188.3,N,57.546667,20.86,0.86,19.78,0,CC,Budget,Standard,41.51,2
2975,F,M,2,91861,Y,41.98,15.32,0,6.74,0,CC,Budget,Standard,22.06,2
2978,F,S,1,12374.9,Y,33.493333,17.49,0,106.1,0,Auto,FreeLocal,Standard,123.59,3
2979,F,M,2,69133.9,Y,26.833333,8.58,0,37.73,0,CH,FreeLocal,Standard,46.32,2
2981,F,M,2,84948,Y,29.446667,11.14,0,12.58,0,CH,FreeLocal,Intnl_discount,23.73,1
2982,F,M,2,30998.8,N,40.96,2.4,0,50.5,0,Auto,Budget,Standard,52.91,3
2984,M,S,0,15924.2,N,14.46,0,0,1.46,0,CH,FreeLocal,Standard,1.46,2
2988,M,M,2,21416.5,N,35.653333,9.9,9.17,8.53,0,CC,FreeLocal,Intnl_discount,27.61,1
2992,M,M,2,78554.2,N,16.7,5.59,7.26,23.03,0,Auto,Budget,Standard,35.88,1
2993,F,M,2,38215.9,N,30.886667,0,0,0.97,0,Auto,Budget,Standard,0.97,3
2994,F,M,1,14085.5,N,21,43,0,160.42,0,CC,FreeLocal,Standard,176.61,1
2995,F,M,2,49745.3,N,47.966667,2.84,0,24.44,0,CH,Budget,Intnl_discount,27.28,4
2997,F,M,2,88427,N,13.86,22.46,4.16,43.34,0,CC,Budget,Standard,69.97,4
2998,F,M,2,98003.7,Y,26.273333,1.03,0,83.39,0,CC,FreeLocal,Intnl_discount,84.42,4
2999,M,S,0,89142.7,N,53.693333,3.76,8.13,5.01,0,CC,Budget,Intnl_discount,16.91,1
3000,F,S,0,74530.8,N,63.086667,20.89,0.49,106.5,0,Auto,FreeLocal,Intnl_discount,127.89,1
3002,F,S,0,32962.6,N,24,42,0,262.91,0,CC,Budget,Standard,265.78,4
3007,F,M,2,76289.2,N,48.206667,22.2,0,82.43,0,CC,Budget,Intnl_discount,104.63,2
3009,M,M,1,66931.9,N,63.933333,11.72,0.39,5.35,0,CC,Budget,Standard,17.46,3
3010,M,S,0,9309.57,Y,25.44,8.56,0,99.73,0,CC,FreeLocal,Standard,108.3,2
3011,F,M,1,28000,N,23,45,0,26.78,0,Auto,FreeLocal,Intnl_discount,48.08,3
3012,F,S,0,38000,N,24,29,0,154.77,0,CC,Budget,Intnl_discount,168.28,1
3013,F,S,0,32962.6,N,21,45,0,61.44,0,CC,Budget,Standard,65.79,2
3014,F,S,2,42000,N,22,33,0,35.73,0,Auto,Budget,Standard,41.78,2
3015,F,D,1,77726.4,N,56.72,14,0,9.51,0,Auto,Budget,Intnl_discount,23.52,4
3016,F,S,2,43000,N,23,28,2.22,38.18,0,CC,FreeLocal,Standard,62.95,2
3017,F,S,1,2800.68,N,45.673333,28.45,0,106.3,0,CC,Budget,Standard,134.75,1
3020,F,M,2,90271.6,N,44.926667,13.96,0,96.43,0,CC,FreeLocal,Standard,110.4,2
3024,F,M,2,64816.6,Y,31.126667,21,0,6.87,0,CC,Budget,Standard,27.87,1
3025,F,M,2,98217.1,N,44.98,29.49,0,13.24,0,CC,FreeLocal,Standard,42.74,4
3028,F,S,0,15989.3,N,61.693333,3.67,0,25.49,1,CC,Budget,Intnl_discount,29.17,1
3034,M,S,1,84978.1,N,21.64,5.03,7.68,76.07,0,CH,FreeLocal,Intnl_discount,88.79,2
3035,F,M,2,36647.9,N,49.986667,21.41,0,85.96,0,CC,Budget,Intnl_discount,107.38,4
3036,F,S,0,64319.2,N,41.226667,3.01,0,37.15,0,CH,Budget,Intnl_discount,40.16,1
3037,F,S,1,73338,N,48.246667,20.92,0,9.01,0,Auto,Budget,Intnl_discount,29.93,4
3038,F,S,0,433.74,N,60.746667,3.3,0,40.91,0,CC,FreeLocal,Standard,44.22,2
3039,F,M,2,16962.2,N,45.36,18.6,0,8.96,0,CC,Budget,Standard,27.57,2
3041,M,M,2,10708.3,N,26.026667,20.83,4.85,117.26,0,CH,Budget,Intnl_discount,142.95,3
3044,F,M,0,2031.61,N,20.3,21.64,0,87.4,0,CC,Budget,Standard,109.04,4
3047,F,S,2,16938.5,N,48,13.35,0,8.76,0,CH,FreeLocal,Standard,22.11,1
3050,F,M,0,55221,N,62,0.49,0,15.2,0,CC,FreeLocal,Standard,15.69,1
3051,F,M,1,8073.11,N,41,28.7,0,60.35,0,Auto,FreeLocal,Standard,89.05,3
3052,M,M,0,95448.6,Y,53.68,24.24,0,5.21,0,CH,Budget,Standard,29.46,1
3053,M,S,1,24141.5,Y,17.006667,28.82,0,97.05,0,CC,FreeLocal,Standard,125.87,3
3054,M,S,2,63152.6,Y,63.173333,29.93,0,40.07,0,CC,Budget,Intnl_discount,70.01,3
3056,M,S,2,72084.7,N,55.64,29.11,0,9.02,0,CC,Budget,Intnl_discount,38.13,3
3057,F,S,0,42760.5,N,43,13.47,0,40.23,0,CC,Budget,Standard,53.7,3
3058,F,S,1,49072,N,46,23.5,0,10.74,0,Auto,Budget,Intnl_discount,34.25,1
3059,F,M,0,27371.8,Y,70,16.14,0,126.55,0,CC,FreeLocal,Standard,142.7,1
3062,M,M,0,71472.9,N,41.913333,16.02,0,114.2,0,CH,Budget,Standard,130.22,3
3063,F,M,0,95405.7,N,46.506667,7.74,0,6.21,0,CC,Budget,Standard,13.96,4
3064,F,S,0,95786.8,Y,57.553333,21.33,0,87.46,0,CC,Budget,Standard,108.79,2
3066,M,S,0,90321.6,N,38,0.87,0,11.52,0,Auto,FreeLocal,Intnl_discount,12.39,2
3067,M,S,1,90478.6,N,54.553333,18.02,0,136.47,0,CC,FreeLocal,Standard,154.49,2
3068,F,M,2,56187,N,43,8.09,0,13.74,0,CH,Budget,Standard,21.83,1
3071,F,S,1,41000,N,24.393333,23.56,0,206.08,0,CC,Budget,Intnl_discount,229.64,4
3077,M,M,2,53010.8,N,18.84,12.45,0,46.42,4,CC,FreeLocal,Standard,58.87,1
3078,M,M,0,75004.5,N,64.8,26.52,0,32.19,0,CC,Budget,Intnl_discount,58.72,4
3081,M,M,0,19749.3,N,60.366667,20.22,0,13.94,0,CC,Budget,Standard,34.17,1
3082,M,S,1,57626.9,Y,43.906667,9.38,0,38.96,0,CC,Budget,Standard,48.35,1
3083,M,D,1,20078,N,32.846667,9.65,0,6.33,0,CC,Budget,Intnl_discount,15.98,2
3084,F,M,2,47902,N,26.033333,17.44,4.94,49.92,1,Auto,FreeLocal,Standard,72.31,4
3085,M,M,1,7545.96,Y,16.753333,22.39,0,178.36,0,CC,Budget,Standard,200.75,3
3089,M,S,2,89459.9,N,53.28,11.54,1.61,22.9,0,CC,FreeLocal,Standard,36.05,2
3092,F,S,1,13576.5,N,39.426667,14.83,0,25.66,0,CC,Budget,Standard,40.49,1
3094,F,M,2,42031.8,N,50.753333,20.45,0,39.33,0,CH,Budget,Intnl_discount,59.78,3
3099,M,S,2,43634.5,N,21.78,29.44,9.42,104.64,0,CC,Budget,Standard,143.5,1
3103,F,S,1,13109.1,N,62.606667,22.38,0,40.48,0,Auto,Budget,Standard,62.87,4
3104,M,S,1,92647.5,N,56.046667,16.04,5.74,10.34,0,CC,Budget,Standard,32.13,4
3105,F,S,2,21021.6,Y,62.753333,3.75,0,11.19,0,CC,Budget,Standard,14.95,4
3106,M,S,0,74460.7,Y,55.34,25.53,0.99,179.93,0,CC,FreeLocal,Standard,206.46,4
3108,F,S,2,28787.4,N,41.666667,27.97,0,58.09,0,Auto,Budget,Standard,86.06,2
3111,M,M,1,13091.6,N,59.126667,22.79,0,20.26,0,CC,Budget,Intnl_discount,43.06,4
3114,F,M,2,62061.8,Y,45.92,29.86,0,52.22,0,Auto,FreeLocal,Standard,82.08,1
3115,F,M,1,20550.9,Y,22.12,27.72,0.86,57.06,0,CC,Budget,Standard,85.64,1
3118,M,S,1,1765.41,N,18.766667,3.04,0,44.95,0,CC,FreeLocal,Standard,47.99,2
3119,F,S,2,19131.1,N,56.186667,22.15,0,34.91,0,Auto,Budget,Standard,57.07,2
3123,F,S,2,6440.46,Y,52,22.66,0,27.2,0,CH,Budget,Standard,49.86,4
3125,M,M,2,28766.9,N,46.84,6.11,0,58.08,0,CC,Budget,Standard,64.2,4
3130,M,M,2,91272.2,Y,25.033333,26.99,0,13.01,0,CC,FreeLocal,Standard,40,4
3135,F,S,0,73228.3,N,42,22.47,0,28.11,0,Auto,Budget,Standard,50.58,2
3138,M,M,1,64792.3,N,52.146667,13.05,1.51,36.84,0,CH,FreeLocal,Standard,51.41,4
3140,F,S,0,93322.1,Y,40.313333,29.92,0,8.79,0,CH,Budget,Intnl_discount,38.72,1
3143,M,M,2,49910.7,Y,51.52,27.42,0,23.72,0,CC,Budget,Standard,51.14,3
3144,M,M,0,76161.4,Y,44.573333,11.96,0,25.58,0,CC,FreeLocal,Standard,37.55,4
3145,F,M,2,55860,Y,14.573333,16.01,0,10.35,0,CC,FreeLocal,Intnl_discount,26.37,2
3152,M,M,2,57360.8,Y,53.253333,10.36,0,57.25,0,CC,FreeLocal,Standard,67.61,1
3153,M,M,1,92414.7,Y,45.513333,29.43,0,10.62,0,CC,FreeLocal,Standard,40.06,4
3155,F,S,2,14578.8,Y,60.933333,11.91,0,95.1,0,Auto,Budget,Standard,107.02,3
3156,F,M,2,87578.2,Y,53.366667,0.29,0,22.15,0,CC,Budget,Standard,22.44,3
3157,F,M,2,86695.4,N,13.906667,25.94,0,32.09,0,CC,FreeLocal,Standard,58.03,4
3158,M,M,1,5306.11,N,39.093333,5.52,0,17.42,0,CH,Budget,Standard,22.94,2
3161,F,M,0,83287,N,44,29.64,0,90.18,4,Auto,FreeLocal,Intnl_discount,119.82,1
3162,M,M,1,2067.82,N,47.853333,15.25,0,70.65,0,CC,Budget,Intnl_discount,85.9,2
3165,M,M,2,30665.2,Y,22.88,5.83,8.32,63.28,0,Auto,FreeLocal,Standard,77.44,1
3166,F,M,1,78000,Y,56.193333,6.08,0,30.95,0,Auto,FreeLocal,Intnl_discount,37.04,1
3167,F,M,1,98680.4,Y,58.706667,17.58,0,8.85,0,CH,FreeLocal,Intnl_discount,26.44,1
3168,F,M,2,65619.7,Y,46,13.56,0,144.66,0,CC,Budget,Standard,158.22,3
3169,M,M,1,95620.3,Y,49.12,10.91,0,93.61,0,CC,Budget,Standard,104.53,1
3170,F,S,0,85275,N,47,22.48,0,151.61,0,Auto,FreeLocal,Intnl_discount,174.09,1
3171,F,M,1,66921.4,Y,43,15.7,0,8.97,0,CC,FreeLocal,Intnl_discount,24.67,1
3172,F,M,1,98453.6,Y,46,13.72,0,11.65,0,Auto,FreeLocal,Standard,25.38,2
3174,F,S,2,57420,Y,48,25.18,0,252.53,1,Auto,Budget,Standard,277.72,1
3175,M,M,0,68000,N,67,3.93,3.73,26.69,1,CC,FreeLocal,Standard,34.35,4
3176,F,M,2,47639.1,N,48,17.48,0,39.62,0,CC,Budget,Intnl_discount,57.11,4
3177,M,M,0,3911.9,N,38.413333,5.72,8.48,25.14,0,CC,Budget,Intnl_discount,39.36,2
3179,F,S,0,39461,N,22.226667,22.87,0.28,103.52,1,CC,FreeLocal,Standard,126.68,1
3180,M,M,1,47371,Y,54.96,4.98,7.69,258.29,0,CC,Budget,Intnl_discount,270.97,4
3183,M,S,1,16432.1,Y,20.92,20.41,8.89,80.47,0,CH,Budget,Intnl_discount,109.78,3
3186,F,S,1,540.4,Y,39.213333,12.34,0,7.75,0,Auto,Budget,Intnl_discount,20.1,3
3188,F,M,2,80087.7,N,41.92,8.74,0,22.82,0,CC,FreeLocal,Standard,31.56,4
3189,F,M,2,59691.3,N,38.04,21.94,0,256.7,0,CC,Budget,Standard,278.65,1
3190,F,S,2,11251.1,Y,52,28.42,0,113.48,0,CC,FreeLocal,Standard,141.91,2
3194,F,S,2,93559.1,N,57.62,1.52,0,29.9,0,CC,Budget,Standard,31.42,4
3195,F,S,2,3416.62,Y,22.76,18.97,0,104.73,0,CC,Budget,Standard,123.7,3
3196,F,S,0,93454.3,Y,48.533333,18.94,0,25.18,0,Auto,FreeLocal,Standard,44.13,3
3197,M,M,0,5745,Y,15.38,26.4,0,17.71,0,CC,FreeLocal,Standard,44.11,2
3204,F,M,2,11234.7,Y,49.046667,0.69,0,112.72,0,CC,Budget,Standard,113.42,2
3206,F,M,1,82931.3,N,64.64,19.24,0,118,0,Auto,FreeLocal,Standard,137.25,2
3207,F,M,2,57483.9,N,44.026667,17.01,0,27.29,0,CH,Budget,Standard,44.3,1
3209,F,S,2,21274,N,45.526667,10.87,0,32.43,0,Auto,FreeLocal,Standard,43.31,4
3210,F,M,2,28267,N,30.093333,21.87,0,192.53,0,CC,FreeLocal,Standard,214.41,2
3212,F,M,2,36725.1,N,55.793333,8.65,9.22,77,0,CH,Budget,Standard,94.88,1
3216,M,S,1,94188.3,N,57.546667,20.86,0.86,19.78,0,CC,Budget,Standard,41.51,2
3219,F,M,2,91861,Y,41.98,15.32,0,6.74,0,CC,Budget,Standard,22.06,2
3222,F,S,1,12374.9,Y,33.493333,17.49,0,106.1,0,Auto,FreeLocal,Standard,123.59,1
3223,F,M,2,69133.9,Y,26.833333,8.58,0,37.73,0,CH,FreeLocal,Standard,46.32,1
3225,F,M,2,84948,Y,29.446667,11.14,0,12.58,0,CH,FreeLocal,Intnl_discount,23.73,3
3226,F,M,2,30998.8,N,40.96,2.4,0,50.5,0,Auto,Budget,Standard,52.91,1
3228,M,S,0,15924.2,N,14.46,0,0,1.46,0,CH,FreeLocal,Standard,1.46,2
3232,M,M,2,21416.5,N,35.653333,9.9,9.17,8.53,0,CC,FreeLocal,Intnl_discount,27.61,3
3236,M,M,2,78554.2,N,16.7,5.59,7.26,23.03,0,Auto,Budget,Standard,35.88,4
3237,F,M,2,38215.9,N,30.886667,0,0,0.97,0,Auto,Budget,Standard,0.97,1
3239,F,M,2,49745.3,N,47.966667,2.84,0,24.44,0,CH,Budget,Intnl_discount,27.28,3
3241,F,M,2,88427,N,13.86,22.46,4.16,43.34,0,CC,Budget,Standard,69.97,4
3242,F,M,2,98003.7,Y,26.273333,1.03,0,83.39,0,CC,FreeLocal,Intnl_discount,84.42,1
3243,M,S,0,89142.7,N,53.693333,3.76,8.13,5.01,0,CC,Budget,Intnl_discount,16.91,4
3244,F,S,0,74530.8,N,63.086667,20.89,0.49,106.5,0,Auto,FreeLocal,Intnl_discount,127.89,4
3251,F,M,2,76289.2,N,48.206667,22.2,0,82.43,0,CC,Budget,Intnl_discount,104.63,3
3253,M,M,1,66931.9,N,63.933333,11.72,0.39,5.35,0,CC,Budget,Standard,17.46,1
3254,M,M,2,9309.57,Y,25.44,8.56,0,99.73,0,CC,FreeLocal,Standard,108.3,3
3259,F,S,0,77726.4,N,56.72,14,0,9.51,0,Auto,Budget,Intnl_discount,23.52,3
3261,F,S,1,2800.68,N,45.673333,28.45,0,106.3,0,CC,Budget,Standard,134.75,3
3264,F,M,2,90271.6,N,44.926667,13.96,0,96.43,0,CC,FreeLocal,Standard,110.4,2
3268,F,M,2,64816.6,Y,31.126667,21,0,6.87,0,CC,Budget,Standard,27.87,2
3269,F,M,2,98217.1,N,44.98,29.49,0,13.24,0,CC,FreeLocal,Standard,42.74,4
3272,F,S,0,15989.3,N,61.693333,3.67,0,25.49,1,CC,Budget,Intnl_discount,29.17,2
3278,M,S,1,84978.1,N,21.64,5.03,7.68,76.07,0,CH,FreeLocal,Intnl_discount,88.79,1
3279,F,M,2,36647.9,N,49.986667,21.41,0,85.96,0,CC,Budget,Intnl_discount,107.38,2
3280,F,S,0,64319.2,N,41.226667,3.01,0,37.15,0,CH,Budget,Intnl_discount,40.16,1
3281,F,S,1,73338,N,48.246667,20.92,0,9.01,0,Auto,Budget,Intnl_discount,29.93,1
3282,F,S,0,433.74,N,60.746667,3.3,0,40.91,0,CC,FreeLocal,Standard,44.22,2
3283,F,M,2,16962.2,N,45.36,18.6,0,8.96,0,CC,Budget,Standard,27.57,2
3285,M,M,2,10708.3,N,26.026667,20.83,4.85,117.26,0,CH,Budget,Intnl_discount,142.95,2
3288,F,M,0,2031.61,N,20.3,21.64,0,87.4,0,CC,Budget,Standard,109.04,2
3291,F,S,2,16938.5,N,52.646667,13.35,0,8.76,0,CH,FreeLocal,Standard,22.11,4
3294,F,M,0,55221,N,41,0.49,0,15.2,0,CC,FreeLocal,Standard,15.69,1
3295,F,M,1,8073.11,N,43,28.7,0,60.35,0,Auto,FreeLocal,Standard,89.05,1
3296,M,M,1,95448.6,Y,53.68,24.24,0,5.21,0,CH,Budget,Standard,29.46,3
3297,M,S,1,24141.5,Y,17.006667,28.82,0,97.05,0,CC,FreeLocal,Standard,125.87,3
3298,M,S,2,63152.6,Y,63.173333,29.93,0,40.07,0,CC,Budget,Intnl_discount,70.01,3
3300,M,S,2,72084.7,N,55.64,29.11,0,9.02,0,CC,Budget,Intnl_discount,38.13,2
3301,F,S,0,42760.5,N,46,13.47,0,40.23,0,CC,Budget,Standard,53.7,2
3302,F,S,1,49072,N,70,23.5,0,10.74,0,Auto,Budget,Intnl_discount,34.25,1
3303,F,M,0,27371.8,Y,61,16.14,0,126.55,0,CC,FreeLocal,Standard,142.7,1
3306,M,M,0,71472.9,N,41.913333,16.02,0,114.2,0,CH,Budget,Standard,130.22,4
3307,M,M,0,95405.7,N,46.506667,7.74,0,6.21,0,CC,Budget,Standard,13.96,1
3308,M,S,0,95786.8,Y,57.553333,21.33,0,87.46,0,CC,Budget,Standard,108.79,4
3310,M,S,0,90321.6,N,39,0.87,0,11.52,0,Auto,FreeLocal,Intnl_discount,12.39,2
3311,M,D,1,90478.6,N,54.553333,18.02,0,136.47,0,CC,FreeLocal,Standard,154.49,4
3312,F,M,2,56187,N,41,8.09,0,13.74,0,CH,Budget,Standard,21.83,2
3315,F,S,1,42000,N,24.393333,23.56,0,206.08,0,CC,Budget,Intnl_discount,229.64,3
3317,M,M,0,9780.66,N,24.546667,2.8,7.27,11.32,1,CC,FreeLocal,Standard,21.39,2
3321,M,M,2,53010.8,N,18.84,12.45,0,46.42,4,CC,FreeLocal,Standard,58.87,3
3322,M,M,2,75004.5,N,64.8,26.52,0,32.19,0,CC,Budget,Intnl_discount,58.72,4
3325,M,M,0,19749.3,N,60.366667,20.22,0,13.94,0,CC,Budget,Standard,34.17,4
3326,M,S,1,57626.9,Y,43.906667,9.38,0,38.96,0,CC,Budget,Standard,48.35,2
3327,M,D,0,20078,N,32.846667,9.65,0,6.33,0,CC,Budget,Intnl_discount,15.98,2
3328,F,M,2,47902,N,26.033333,17.44,4.94,49.92,1,Auto,FreeLocal,Standard,72.31,3
3329,M,M,1,7545.96,Y,16.753333,22.39,0,178.36,0,CC,Budget,Standard,200.75,1
3333,M,S,2,89459.9,N,53.28,11.54,1.61,22.9,0,CC,FreeLocal,Standard,36.05,4
3336,F,S,1,13576.5,N,39.426667,14.83,0,25.66,0,CC,Budget,Standard,40.49,2
3338,F,M,2,42031.8,N,50.753333,20.45,0,39.33,0,CH,Budget,Intnl_discount,59.78,3
3343,M,S,2,43634.5,N,21.78,29.44,9.42,104.64,0,CC,Budget,Standard,143.5,3
3347,F,S,1,13109.1,N,62.606667,22.38,0,40.48,0,Auto,Budget,Standard,62.87,2
3348,M,S,1,92647.5,N,56.046667,16.04,5.74,10.34,0,CC,Budget,Standard,32.13,4
3349,F,S,2,21021.6,Y,62.753333,3.75,0,11.19,0,CC,Budget,Standard,14.95,2
3350,M,S,0,74460.7,Y,55.34,25.53,0.99,179.93,0,CC,FreeLocal,Standard,206.46,4
3352,F,S,2,28787.4,N,41.666667,27.97,0,58.09,0,Auto,Budget,Standard,86.06,4
3355,M,M,1,13091.6,N,59.126667,22.79,0,20.26,0,CC,Budget,Intnl_discount,43.06,2
3358,F,M,2,62061.8,Y,45.92,29.86,0,52.22,0,Auto,FreeLocal,Standard,82.08,3
3359,F,M,1,20550.9,Y,22.12,27.72,0.86,57.06,0,CC,Budget,Standard,85.64,1
3362,M,M,2,1765.41,N,18.766667,3.04,0,44.95,0,CC,FreeLocal,Standard,47.99,3
3363,F,S,2,19131.1,N,56.186667,22.15,0,34.91,0,Auto,Budget,Standard,57.07,1
3367,F,S,2,6440.46,Y,42,22.66,0,27.2,0,CH,Budget,Standard,49.86,4
3369,M,M,2,28766.9,N,46.84,6.11,0,58.08,0,CC,Budget,Standard,64.2,3
3374,M,M,2,91272.2,Y,25.033333,26.99,0,13.01,0,CC,FreeLocal,Standard,40,3
3379,F,S,0,73228.3,N,43,22.47,0,28.11,0,Auto,Budget,Standard,50.58,1
3382,M,M,1,64792.3,N,52.146667,13.05,1.51,36.84,0,CH,FreeLocal,Standard,51.41,4
3384,F,S,0,93322.1,Y,40.313333,29.92,0,8.79,0,CH,Budget,Intnl_discount,38.72,1
3387,M,M,2,49910.7,Y,51.52,27.42,0,23.72,0,CC,Budget,Standard,51.14,2
3388,M,M,0,76161.4,Y,44.573333,11.96,0,25.58,0,CC,FreeLocal,Standard,37.55,3
3389,F,M,2,55860,Y,14.573333,16.01,0,10.35,0,CC,FreeLocal,Intnl_discount,26.37,2
3396,M,M,2,57360.8,Y,53.253333,10.36,0,57.25,0,CC,FreeLocal,Standard,67.61,4
3397,M,M,1,92414.7,Y,45.513333,29.43,0,10.62,0,CC,FreeLocal,Standard,40.06,3
3399,F,S,2,14578.8,Y,60.933333,11.91,0,95.1,0,Auto,Budget,Standard,107.02,2
3400,F,M,2,87578.2,Y,53.366667,0.29,0,22.15,0,CC,Budget,Standard,22.44,4
3401,F,M,2,86695.4,N,13.906667,25.94,0,32.09,0,CC,FreeLocal,Standard,58.03,2
3402,M,M,1,5306.11,N,39.093333,5.52,0,17.42,0,CH,Budget,Standard,22.94,2
3405,F,M,0,83287,N,58.56,29.64,0,90.18,4,Auto,FreeLocal,Intnl_discount,119.82,3
3406,M,M,1,2067.82,N,47.853333,15.25,0,70.65,0,CC,Budget,Intnl_discount,85.9,1
3409,M,M,2,30665.2,Y,22.88,5.83,8.32,63.28,0,Auto,FreeLocal,Standard,77.44,4
3410,F,M,1,83287,Y,49,6.08,0,30.95,0,Auto,FreeLocal,Intnl_discount,37.04,3
3411,M,M,1,98680.4,Y,58.706667,17.58,0,8.85,0,CH,FreeLocal,Intnl_discount,26.44,3
3412,F,M,2,65619.7,Y,52.646667,13.56,0,144.66,0,CC,Budget,Standard,158.22,2
3413,M,M,1,95620.3,Y,49.12,10.91,0,93.61,0,CC,Budget,Standard,104.53,1
3414,F,D,1,85275,N,62,22.48,0,151.61,0,Auto,FreeLocal,Intnl_discount,174.09,4
3415,F,M,1,66921.4,Y,47,15.7,0,8.97,0,CC,FreeLocal,Intnl_discount,24.67,2
3416,F,M,1,98453.6,Y,48,13.72,0,11.65,0,Auto,FreeLocal,Standard,25.38,1
3418,F,S,2,57420,Y,62,25.18,0,252.53,1,Auto,Budget,Standard,277.72,1
3419,M,M,0,66000,N,41,3.93,3.73,26.69,1,CC,FreeLocal,Standard,34.35,1
3420,F,M,2,47639.1,N,41,17.48,0,39.62,0,CC,Budget,Intnl_discount,57.11,4
3423,F,S,0,39461,N,22.226667,22.87,0.28,103.52,1,CC,FreeLocal,Standard,126.68,4
3424,M,M,1,47371,Y,54.96,4.98,7.69,258.29,0,CC,Budget,Intnl_discount,270.97,4
3425,F,S,0,89813.6,N,12.846667,14.94,1.96,149.26,0,CC,FreeLocal,Intnl_discount,166.18,4
3427,M,S,1,16432.1,Y,20.92,20.41,8.89,80.47,0,CH,Budget,Intnl_discount,109.78,1
3430,F,S,1,540.4,Y,39.213333,12.34,0,7.75,0,Auto,Budget,Intnl_discount,20.1,4
3432,F,M,2,80087.7,N,41.92,8.74,0,22.82,0,CC,FreeLocal,Standard,31.56,3
3433,F,M,2,59691.3,N,38.04,21.94,0,256.7,0,CC,Budget,Standard,278.65,1
3434,F,S,2,11251.1,Y,62,28.42,0,113.48,0,CC,FreeLocal,Standard,141.91,4
3438,F,S,2,93559.1,N,57.62,1.52,0,29.9,0,CC,Budget,Standard,31.42,4
3439,F,S,2,3416.62,Y,22.76,18.97,0,104.73,0,CC,Budget,Standard,123.7,2
3440,F,S,1,93454.3,Y,48.533333,18.94,0,25.18,0,Auto,FreeLocal,Standard,44.13,3
3441,M,M,0,5745,Y,15.38,26.4,0,17.71,0,CC,FreeLocal,Standard,44.11,2
3448,F,M,2,11234.7,Y,49.046667,0.69,0,112.72,0,CC,Budget,Standard,113.42,4
3450,F,M,1,82931.3,N,64.64,19.24,0,118,0,Auto,FreeLocal,Standard,137.25,4
3451,F,M,2,57483.9,N,44.026667,17.01,0,27.29,0,CH,Budget,Standard,44.3,1
3453,F,S,2,21274,N,45.526667,10.87,0,32.43,0,Auto,FreeLocal,Standard,43.31,1
3454,F,M,2,28267,N,30.093333,21.87,0,192.53,0,CC,FreeLocal,Standard,214.41,1
3456,F,M,2,36725.1,N,55.793333,8.65,9.22,77,0,CH,Budget,Standard,94.88,4
3460,M,S,1,94188.3,N,57.546667,20.86,0.86,19.78,0,CC,Budget,Standard,41.51,2
3463,F,M,2,91861,Y,41.98,15.32,0,6.74,0,CC,Budget,Standard,22.06,2
3466,F,S,1,12374.9,Y,33.493333,17.49,0,106.1,0,Auto,FreeLocal,Standard,123.59,4
3467,F,M,2,69133.9,Y,26.833333,8.58,0,37.73,0,CH,FreeLocal,Standard,46.32,3
3469,F,M,2,84948,Y,29.446667,11.14,0,12.58,0,CH,FreeLocal,Intnl_discount,23.73,3
3470,F,M,2,30998.8,N,40.96,2.4,0,50.5,0,Auto,Budget,Standard,52.91,2
3476,M,S,0,21416.5,N,35.653333,9.9,9.17,8.53,0,CC,FreeLocal,Intnl_discount,27.61,2
3480,M,M,2,78554.2,N,16.7,5.59,7.26,23.03,0,Auto,Budget,Standard,35.88,4
3481,F,M,2,38215.9,N,30.886667,0,0,0.97,0,Auto,Budget,Standard,0.97,4
3483,F,M,2,49745.3,N,47.966667,2.84,0,24.44,0,CH,Budget,Intnl_discount,27.28,2
3485,F,M,2,88427,N,13.86,22.46,4.16,43.34,0,CC,Budget,Standard,69.97,2
3486,F,M,2,98003.7,Y,26.273333,1.03,0,83.39,0,CC,FreeLocal,Intnl_discount,84.42,2
3487,M,S,0,89142.7,N,53.693333,3.76,8.13,5.01,0,CC,Budget,Intnl_discount,16.91,1
3488,F,S,0,74530.8,N,63.086667,20.89,0.49,106.5,0,Auto,FreeLocal,Intnl_discount,127.89,1
3495,F,M,2,76289.2,N,48.206667,22.2,0,82.43,0,CC,Budget,Intnl_discount,104.63,2
3497,M,M,1,66931.9,N,63.933333,11.72,0.39,5.35,0,CC,Budget,Standard,17.46,2
3498,F,M,2,9309.57,Y,25.44,8.56,0,99.73,0,CC,FreeLocal,Standard,108.3,2
3503,F,S,0,77726.4,N,56.72,14,0,9.51,0,Auto,Budget,Intnl_discount,23.52,2
3505,F,S,1,2800.68,N,45.673333,28.45,0,106.3,0,CC,Budget,Standard,134.75,1
3508,F,M,2,90271.6,N,44.926667,13.96,0,96.43,0,CC,FreeLocal,Standard,110.4,3
3512,F,M,2,64816.6,Y,31.126667,21,0,6.87,0,CC,Budget,Standard,27.87,1
3513,F,M,2,98217.1,N,44.98,29.49,0,13.24,0,CC,FreeLocal,Standard,42.74,3
3516,F,S,0,15989.3,N,61.693333,3.67,0,25.49,1,CC,Budget,Intnl_discount,29.17,2
3522,M,S,1,84978.1,N,21.64,5.03,7.68,76.07,0,CH,FreeLocal,Intnl_discount,88.79,2
3523,F,M,2,36647.9,N,49.986667,21.41,0,85.96,0,CC,Budget,Intnl_discount,107.38,1
3524,F,S,0,64319.2,N,41.226667,3.01,0,37.15,0,CH,Budget,Intnl_discount,40.16,1
3525,F,S,1,73338,N,48.246667,20.92,0,9.01,0,Auto,Budget,Intnl_discount,29.93,1
3526,F,S,0,433.74,N,60.746667,3.3,0,40.91,0,CC,FreeLocal,Standard,44.22,4
3527,F,M,2,16962.2,N,45.36,18.6,0,8.96,0,CC,Budget,Standard,27.57,3
3529,M,M,2,10708.3,N,26.026667,20.83,4.85,117.26,0,CH,Budget,Intnl_discount,142.95,1
3532,F,M,0,2031.61,N,20.3,21.64,0,87.4,0,CC,Budget,Standard,109.04,3
3535,F,S,2,16938.5,N,41,13.35,0,8.76,0,CH,FreeLocal,Standard,22.11,1
3538,F,M,0,55221,N,46,0.49,0,15.2,0,CC,FreeLocal,Standard,15.69,4
3539,F,M,1,8073.11,N,70,28.7,0,60.35,0,Auto,FreeLocal,Standard,89.05,3
3540,M,M,1,95448.6,Y,53.68,24.24,0,5.21,0,CH,Budget,Standard,29.46,3
3541,M,S,1,24141.5,Y,17.006667,28.82,0,97.05,0,CC,FreeLocal,Standard,125.87,4
3542,M,S,2,63152.6,Y,63.173333,29.93,0,40.07,0,CC,Budget,Intnl_discount,70.01,4
3544,M,S,2,72084.7,N,55.64,29.11,0,9.02,0,CC,Budget,Intnl_discount,38.13,2
3545,F,S,0,42760.5,N,61,13.47,0,40.23,0,CC,Budget,Standard,53.7,4
3546,F,S,1,49072,N,55,23.5,0,10.74,0,Auto,Budget,Intnl_discount,34.25,1
3547,F,M,0,27371.8,Y,52,16.14,0,126.55,0,CC,FreeLocal,Standard,142.7,3
3550,M,M,1,71472.9,N,41.913333,16.02,0,114.2,0,CH,Budget,Standard,130.22,2
3551,M,M,0,95405.7,N,46.506667,7.74,0,6.21,0,CC,Budget,Standard,13.96,3
3552,M,S,0,95786.8,Y,57.553333,21.33,0,87.46,0,CC,Budget,Standard,108.79,3
3554,M,S,0,90321.6,N,55.113333,0.87,0,11.52,0,CC,FreeLocal,Intnl_discount,12.39,4
3555,M,S,1,90478.6,N,54.553333,18.02,0,136.47,0,CH,FreeLocal,Standard,154.49,1
3556,F,M,2,56187,N,43,8.09,0,13.74,0,CH,Budget,Standard,21.83,1
3559,F,S,1,35089,N,24.393333,23.56,0,206.08,0,CC,Budget,Intnl_discount,229.64,3
3565,M,M,2,53010.8,N,18.84,12.45,0,46.42,4,CC,FreeLocal,Standard,58.87,4
3566,M,M,1,75004.5,N,64.8,26.52,0,32.19,0,CC,Budget,Intnl_discount,58.72,3
3569,M,M,0,19749.3,N,60.366667,20.22,0,13.94,0,CC,Budget,Standard,34.17,3
3570,M,S,1,57626.9,Y,43.906667,9.38,0,38.96,0,CC,Budget,Standard,48.35,2
3571,M,S,0,20078,N,32.846667,9.65,0,6.33,0,CC,Budget,Intnl_discount,15.98,2
3572,F,M,2,47902,N,26.033333,17.44,4.94,49.92,1,Auto,FreeLocal,Standard,72.31,4
3573,M,M,1,7545.96,Y,16.753333,22.39,0,178.36,0,CC,Budget,Standard,200.75,4
3577,M,S,2,89459.9,N,53.28,11.54,1.61,22.9,0,CC,FreeLocal,Standard,36.05,3
3580,F,S,1,13576.5,N,39.426667,14.83,0,25.66,0,CC,Budget,Standard,40.49,3
3582,F,M,2,42031.8,N,50.753333,20.45,0,39.33,0,CH,Budget,Intnl_discount,59.78,3
3587,M,S,2,43634.5,N,21.78,29.44,9.42,104.64,0,CC,Budget,Standard,143.5,2
3591,F,S,1,13109.1,N,62.606667,22.38,0,40.48,0,Auto,Budget,Standard,62.87,4
3592,M,S,1,92647.5,N,56.046667,16.04,5.74,10.34,0,CC,Budget,Standard,32.13,4
3593,F,S,2,21021.6,Y,62.753333,3.75,0,11.19,0,CC,Budget,Standard,14.95,2
3594,M,S,0,74460.7,Y,55.34,25.53,0.99,179.93,0,CC,FreeLocal,Standard,206.46,4
3596,F,S,2,28787.4,N,41.666667,27.97,0,58.09,0,Auto,Budget,Standard,86.06,1
3599,M,M,1,13091.6,N,59.126667,22.79,0,20.26,0,CC,Budget,Intnl_discount,43.06,1
3602,F,M,2,62061.8,Y,45.92,29.86,0,52.22,0,Auto,FreeLocal,Standard,82.08,2
3603,F,M,1,20550.9,Y,22.12,27.72,0.86,57.06,0,CC,Budget,Standard,85.64,1
3606,M,M,2,1765.41,N,18.766667,3.04,0,44.95,0,CC,FreeLocal,Standard,47.99,4
3607,F,S,2,19131.1,N,56.186667,22.15,0,34.91,0,Auto,Budget,Standard,57.07,3
3611,F,S,2,6440.46,Y,41,22.66,0,27.2,0,CH,Budget,Standard,49.86,3
3613,M,S,0,28766.9,N,46.84,6.11,0,58.08,0,CC,Budget,Standard,64.2,2
3618,M,M,2,91272.2,Y,25.033333,26.99,0,13.01,0,CC,FreeLocal,Standard,40,3
3623,F,S,0,73228.3,N,43,22.47,0,28.11,0,Auto,Budget,Standard,50.58,3
3626,M,M,1,64792.3,N,52.146667,13.05,1.51,36.84,0,CH,FreeLocal,Standard,51.41,4
3628,F,S,0,93322.1,Y,40.313333,29.92,0,8.79,0,CH,Budget,Intnl_discount,38.72,1
3631,M,M,2,49910.7,Y,51.52,27.42,0,23.72,0,CC,Budget,Standard,51.14,1
3632,M,M,1,76161.4,Y,44.573333,11.96,0,25.58,0,CC,FreeLocal,Standard,37.55,4
3633,F,M,2,55860,Y,14.573333,16.01,0,10.35,0,CC,FreeLocal,Intnl_discount,26.37,3
3640,M,M,2,57360.8,Y,53.253333,10.36,0,57.25,0,CC,FreeLocal,Standard,67.61,4
3641,M,M,0,92414.7,Y,45.513333,29.43,0,10.62,0,CC,FreeLocal,Standard,40.06,4
3643,F,S,2,14578.8,Y,60.933333,11.91,0,95.1,0,Auto,Budget,Standard,107.02,1
3644,F,M,2,87578.2,Y,53.366667,0.29,0,22.15,0,CC,Budget,Standard,22.44,1
3645,F,M,2,86695.4,N,13.906667,25.94,0,32.09,0,CC,FreeLocal,Standard,58.03,3
3649,F,M,0,77000,N,47,29.64,0,90.18,4,Auto,FreeLocal,Intnl_discount,119.82,3
3650,M,M,1,2067.82,N,47.853333,15.25,0,70.65,0,CC,Budget,Intnl_discount,85.9,1
3653,F,M,2,30665.2,Y,22.88,5.83,8.32,63.28,0,Auto,FreeLocal,Standard,77.44,2
3654,F,M,1,83287,Y,46,6.08,0,30.95,0,Auto,FreeLocal,Intnl_discount,37.04,4
3655,M,M,1,98680.4,Y,58.706667,17.58,0,8.85,0,CH,FreeLocal,Intnl_discount,26.44,2
3656,F,M,2,65619.7,Y,46,13.56,0,144.66,0,CC,Budget,Standard,158.22,1
3657,M,M,1,95620.3,Y,49.12,10.91,0,93.61,0,CC,Budget,Standard,104.53,3
3658,F,S,0,85275,N,70,22.48,0,151.61,0,Auto,FreeLocal,Intnl_discount,174.09,1
3659,F,M,1,66921.4,Y,70,15.7,0,8.97,0,CC,FreeLocal,Intnl_discount,24.67,4
3660,F,M,1,98453.6,Y,61,13.72,0,11.65,0,Auto,FreeLocal,Standard,25.38,1
3662,F,S,2,57420,Y,52,25.18,0,252.53,1,Auto,Budget,Standard,277.72,3
3663,M,M,0,70000,N,42,3.93,3.73,26.69,1,CC,FreeLocal,Standard,34.35,4
3664,F,M,2,47639.1,N,61,17.48,0,39.62,0,CC,Budget,Intnl_discount,57.11,3
3667,F,S,0,39461,N,22.226667,22.87,0.28,103.52,1,CC,FreeLocal,Standard,126.68,4
3668,M,M,1,47371,Y,54.96,4.98,7.69,258.29,0,CC,Budget,Intnl_discount,270.97,4
3671,M,S,1,16432.1,Y,20.92,20.41,8.89,80.47,0,CH,Budget,Intnl_discount,109.78,3
3672,F,M,2,67388,N,53.12,4.79,0.5,91.04,1,CC,Budget,Standard,96.33,3
3673,F,M,2,84166.1,N,54.013333,3.28,0,11.74,1,CC,Budget,Standard,15.02,2
3674,F,S,1,540.4,Y,39.213333,12.34,0,7.75,0,Auto,Budget,Intnl_discount,20.1,4
3675,M,M,2,59613.1,N,34.32,12.37,0,163.41,0,CC,Budget,Intnl_discount,175.78,1
3676,F,M,2,80087.7,N,41.92,8.74,0,22.82,0,CC,FreeLocal,Standard,31.56,2
3677,F,M,2,59691.3,N,38.04,21.94,0,256.7,0,CC,Budget,Standard,278.65,2
3678,F,S,2,11251.1,Y,43,28.42,0,113.48,0,CC,FreeLocal,Standard,141.91,2
3679,M,M,2,45429.7,Y,61.713333,24.7,0,73.04,0,CH,FreeLocal,Standard,97.74,2
3680,M,M,1,67388,N,53.12,4.79,0.5,91.04,1,CC,Budget,Standard,96.33,3
3681,M,M,1,84166.1,N,54.013333,3.28,0,11.74,1,CC,Budget,Standard,15.02,1
3682,F,S,2,93559.1,N,57.62,1.52,0,29.9,0,CC,Budget,Standard,31.42,4
3683,F,S,2,3416.62,Y,22.76,18.97,0,104.73,0,CC,Budget,Standard,123.7,3
3684,F,D,1,93454.3,Y,48.533333,18.94,0,25.18,0,Auto,FreeLocal,Standard,44.13,1
3685,M,M,0,5745,Y,15.38,26.4,0,17.71,0,CC,FreeLocal,Standard,44.11,3
3686,M,M,2,59613.1,N,34.32,12.37,0,163.41,0,CC,Budget,Intnl_discount,175.78,2
3687,M,M,2,45429.7,Y,61.713333,24.7,0,73.04,0,CH,FreeLocal,Standard,97.74,3
3688,M,M,1,67388,N,53.12,4.79,0.5,91.04,1,CC,Budget,Standard,96.33,4
3689,M,M,0,84166.1,N,54.013333,3.28,0,11.74,1,CC,Budget,Standard,15.02,1
3690,M,S,2,60095.2,Y,23.313333,1.71,0,116.14,0,Auto,Budget,Standard,117.85,2
3692,F,M,2,11234.7,Y,49.046667,0.69,0,112.72,0,CC,Budget,Standard,113.42,1
3694,F,M,1,82931.3,N,64.64,19.24,0,118,0,Auto,FreeLocal,Standard,137.25,2
3695,F,M,2,57483.9,N,44.026667,17.01,0,27.29,0,CH,Budget,Standard,44.3,4
3696,M,M,2,59613.1,N,34.32,12.37,0,163.41,0,CC,Budget,Intnl_discount,175.78,4
3697,F,S,2,21274,N,45.526667,10.87,0,32.43,0,Auto,FreeLocal,Standard,43.31,1
3698,F,M,2,28267,N,30.093333,21.87,0,192.53,0,CC,FreeLocal,Standard,214.41,2
3699,M,M,2,45429.7,Y,61.713333,24.7,0,73.04,0,CH,FreeLocal,Standard,97.74,2
3700,F,M,2,36725.1,N,55.793333,8.65,9.22,77,0,CH,Budget,Standard,94.88,1
3701,M,M,0,67388,N,53.12,4.79,0.5,91.04,1,CC,Budget,Standard,96.33,4
3702,M,M,0,84166.1,N,54.013333,3.28,0,11.74,1,CC,Budget,Standard,15.02,1
3703,M,M,0,67388,N,53.12,4.79,0.5,91.04,1,CC,Budget,Standard,96.33,3
3704,M,S,1,94188.3,N,57.546667,20.86,0.86,19.78,0,CC,Budget,Standard,41.51,2
3705,M,D,1,84166.1,N,33,3.28,0,11.74,1,CC,Budget,Standard,15.02,2
3706,M,M,2,59613.1,N,34.32,12.37,0,163.41,0,CC,Budget,Intnl_discount,175.78,1
3707,F,M,2,91861,Y,41.98,15.32,0,6.74,0,CC,Budget,Standard,22.06,1
3708,M,M,2,45429.7,Y,61.713333,24.7,0,73.04,0,CH,FreeLocal,Standard,97.74,2
3709,M,M,1,67388,N,53.12,4.79,0.5,91.04,1,CC,Budget,Standard,96.33,3
3710,F,S,1,12374.9,Y,33.493333,17.49,0,106.1,0,Auto,FreeLocal,Standard,123.59,2
3711,F,M,2,69133.9,Y,26.833333,8.58,0,37.73,0,CH,FreeLocal,Standard,46.32,2
3712,M,M,0,84166.1,N,54.013333,3.28,0,11.74,1,CC,Budget,Standard,15.02,1
3713,F,M,2,84948,Y,29.446667,11.14,0,12.58,0,CH,FreeLocal,Intnl_discount,23.73,3
3714,F,M,2,30998.8,N,40.96,2.4,0,50.5,0,Auto,Budget,Standard,52.91,1
3715,M,M,2,59613.1,N,34.32,12.37,0,163.41,0,CC,Budget,Intnl_discount,200.5,2
3716,M,M,2,45429.7,Y,61.713333,24.7,0,73.04,0,CH,FreeLocal,Standard,97.74,3
3717,M,M,0,67388,N,53.12,4.79,0.5,91.04,1,CC,Budget,Standard,96.33,4
3718,M,M,0,84166.1,N,54.013333,3.28,0,11.74,1,CC,Budget,Standard,15.02,1
3719,M,M,2,59613.1,N,34.32,12.37,0,163.41,0,CC,Budget,Intnl_discount,134.67,4
3720,M,M,2,21416.5,N,35.653333,9.9,9.17,8.53,0,CC,FreeLocal,Intnl_discount,27.61,3
3721,M,M,2,45429.7,Y,61.713333,24.7,0,73.04,0,CH,FreeLocal,Standard,97.74,2
3722,M,M,1,67388,N,53.12,4.79,0.5,91.04,1,CC,Budget,Standard,96.33,4
3723,M,M,1,84166.1,N,54.013333,3.28,0,11.74,1,CC,Budget,Standard,15.02,1
3724,M,S,1,78554.2,N,16.7,5.59,7.26,23.03,0,Auto,Budget,Standard,35.88,2
3725,F,M,2,38215.9,N,30.886667,0,0,0.97,0,Auto,Budget,Standard,0.97,2
3727,F,M,2,49745.3,N,47.966667,2.84,0,24.44,0,CH,Budget,Intnl_discount,27.28,4
3728,M,M,2,59613.1,N,34.32,12.37,0,163.41,0,CC,Budget,Intnl_discount,175.78,1
3729,F,M,2,88427,N,13.86,22.46,4.16,43.34,0,CC,Budget,Standard,69.97,3
3730,F,M,2,98003.7,Y,26.273333,1.03,0,83.39,0,CC,FreeLocal,Intnl_discount,84.42,2
3731,M,S,0,89142.7,N,53.693333,3.76,8.13,5.01,0,CC,Budget,Intnl_discount,16.91,4
3732,F,S,0,74530.8,N,63.086667,20.89,0.49,106.5,0,Auto,FreeLocal,Intnl_discount,127.89,4
3739,F,M,2,76289.2,N,48.206667,22.2,0,82.43,0,CC,Budget,Intnl_discount,104.63,2
3741,M,M,1,66931.9,N,63.933333,11.72,0.39,5.35,0,CC,Budget,Standard,17.46,1
3742,F,M,2,9309.57,Y,25.44,8.56,0,99.73,0,CC,FreeLocal,Standard,108.3,4
3747,F,S,0,77726.4,N,56.72,14,0,9.51,0,Auto,Budget,Intnl_discount,23.52,1
3749,F,S,1,2800.68,N,45.673333,28.45,0,106.3,0,CC,Budget,Standard,134.75,2
3752,F,M,2,90271.6,N,44.926667,13.96,0,96.43,0,CC,FreeLocal,Standard,110.4,3
3756,F,M,2,64816.6,Y,31.126667,21,0,6.87,0,CC,Budget,Standard,27.87,4
3757,F,M,2,98217.1,N,44.98,29.49,0,13.24,0,CC,FreeLocal,Standard,42.74,2
3760,F,S,0,15989.3,N,61.693333,3.67,0,25.49,1,CC,Budget,Intnl_discount,29.17,1
3766,M,S,1,84978.1,N,21.64,5.03,7.68,76.07,0,CH,FreeLocal,Intnl_discount,88.79,1
3767,F,M,2,36647.9,N,49.986667,21.41,0,85.96,0,CC,Budget,Intnl_discount,107.38,2
3768,F,S,0,64319.2,N,41.226667,3.01,0,37.15,0,CH,Budget,Intnl_discount,40.16,1
3769,F,S,1,73338,N,48.246667,20.92,0,9.01,0,Auto,Budget,Intnl_discount,29.93,2
3770,F,S,0,433.74,N,60.746667,3.3,0,40.91,0,CC,FreeLocal,Standard,44.22,3
3771,F,M,2,16962.2,N,45.36,18.6,0,8.96,0,CC,Budget,Standard,27.57,1
3773,M,M,2,10708.3,N,26.026667,20.83,4.85,117.26,0,CH,Budget,Intnl_discount,142.95,1
3776,F,M,0,2031.61,N,20.3,21.64,0,87.4,0,CC,Budget,Standard,109.04,2
3779,F,S,2,16938.5,N,42,13.35,0,8.76,0,CH,FreeLocal,Standard,22.11,2
3782,F,M,0,55221,N,46,0.49,0,15.2,0,CC,FreeLocal,Standard,15.69,1
3783,F,M,1,8073.11,N,47,28.7,0,60.35,0,Auto,FreeLocal,Standard,89.05,1
3784,M,M,1,95448.6,Y,53.68,24.24,0,5.21,0,CH,Budget,Standard,29.46,4
3785,M,S,1,24141.5,Y,17.006667,28.82,0,97.05,0,CC,FreeLocal,Standard,125.87,4
3786,M,S,2,63152.6,Y,63.173333,29.93,0,40.07,0,CC,Budget,Intnl_discount,70.01,3
3788,M,S,2,72084.7,N,55.64,29.11,0,9.02,0,CC,Budget,Intnl_discount,38.13,2
3789,F,S,0,42760.5,N,48,13.47,0,40.23,0,CC,Budget,Standard,53.7,1
3790,F,S,1,49072,N,52.646667,23.5,0,10.74,0,Auto,Budget,Intnl_discount,34.25,1
3791,F,M,0,27371.8,Y,62,16.14,0,126.55,0,CC,FreeLocal,Standard,142.7,4
3794,M,M,0,71472.9,N,41.913333,16.02,0,114.2,0,CH,Budget,Standard,130.22,3
3795,M,M,0,95405.7,N,46.506667,7.74,0,6.21,0,CC,Budget,Standard,13.96,1
3796,M,S,0,95786.8,Y,57.553333,21.33,0,87.46,0,CC,Budget,Standard,108.79,4
3798,M,S,0,90321.6,N,28,0.87,0,11.52,0,Auto,FreeLocal,Intnl_discount,12.39,2
3799,M,D,0,90478.6,N,54.553333,18.02,0,136.47,0,CC,FreeLocal,Standard,154.49,1
3800,F,M,2,56187,N,43,8.09,0,13.74,0,CH,Budget,Standard,21.83,2
3801,M,M,1,28313.1,N,20.893333,6.89,0,6.74,0,CC,Budget,Standard,13.63,2
3803,M,M,2,29616,N,49.426667,29.78,0,45.5,0,CH,FreeLocal,Standard,75.29,2
3805,M,M,0,19732.8,N,50.673333,24.81,0,22.44,0,CC,FreeLocal,Standard,47.25,1
3806,M,S,1,41690.5,Y,14.64,2.5,0,28.95,0,CC,FreeLocal,Standard,31.45,2
3808,M,S,2,96.33,N,56.473333,26.13,0,32.88,1,CC,Budget,Standard,59.01,1
3811,F,M,2,52004.8,N,25.14,5.03,0,23.11,0,CH,Budget,Intnl_discount,28.14,3
3821,F,S,0,78851.3,N,48.373333,0.37,0,28.66,0,CC,FreeLocal,Standard,29.04,4
3822,F,S,1,17540.7,Y,62.786667,22.17,0.57,13.45,0,Auto,Budget,Standard,36.2,1
3823,F,M,0,83891.9,Y,61.02,28.92,0,45.47,0,CH,Budget,Standard,74.4,4
3824,F,M,2,28220.8,N,38.766667,26.49,0,12.46,0,CC,FreeLocal,Standard,38.95,4
3825,F,S,0,28589.1,N,15.6,13.19,0,87.09,0,CC,FreeLocal,Standard,100.28,3